Entity,Code,Year,Streptococcus pneumonia deaths (aged under-5),Streptococcus non-pneumonia-non-meningitis deaths (aged under-5),Streptococcus meningitis deaths (aged under-5)
Afghanistan,AFG,2000,8257,499,1588
Afghanistan,AFG,2001,8415,508,1617
Afghanistan,AFG,2002,8520,510,1622
Afghanistan,AFG,2003,8598,510,1623
Afghanistan,AFG,2004,8603,506,1609
Afghanistan,AFG,2005,8534,496,1579
Afghanistan,AFG,2006,8493,488,1553
Afghanistan,AFG,2007,8394,475,1511
Afghanistan,AFG,2008,8267,460,1462
Afghanistan,AFG,2009,8113,442,1407
Afghanistan,AFG,2010,7920,424,1348
Afghanistan,AFG,2011,7663,404,1286
Afghanistan,AFG,2012,7369,385,1223
Afghanistan,AFG,2013,7046,366,1164
Afghanistan,AFG,2014,5496,277,880
Afghanistan,AFG,2015,4199,210,667
Albania,ALB,2000,72,5,5
Albania,ALB,2001,62,4,4
Albania,ALB,2002,53,3,4
Albania,ALB,2003,46,3,3
Albania,ALB,2004,40,2,3
Albania,ALB,2005,35,2,2
Albania,ALB,2006,30,2,2
Albania,ALB,2007,26,2,2
Albania,ALB,2008,23,1,2
Albania,ALB,2009,23,2,3
Albania,ALB,2010,23,2,2
Albania,ALB,2011,14,1,1
Albania,ALB,2012,12,1,1
Albania,ALB,2013,11,1,1
Albania,ALB,2014,11,1,1
Albania,ALB,2015,9,1,1
Algeria,DZA,2000,1054,96,107
Algeria,DZA,2001,1007,91,102
Algeria,DZA,2002,964,86,97
Algeria,DZA,2003,932,82,92
Algeria,DZA,2004,911,80,90
Algeria,DZA,2005,894,78,88
Algeria,DZA,2006,901,79,88
Algeria,DZA,2007,908,79,89
Algeria,DZA,2008,930,81,91
Algeria,DZA,2009,941,83,93
Algeria,DZA,2010,950,84,94
Algeria,DZA,2011,956,85,95
Algeria,DZA,2012,969,86,97
Algeria,DZA,2013,978,87,98
Algeria,DZA,2014,974,87,97
Algeria,DZA,2015,972,87,97
Andorra,AND,2000,0,0,0
Andorra,AND,2001,0,0,0
Andorra,AND,2002,0,0,0
Andorra,AND,2003,0,0,0
Andorra,AND,2004,0,0,0
Andorra,AND,2005,0,0,0
Andorra,AND,2006,0,0,0
Andorra,AND,2007,0,0,0
Andorra,AND,2008,0,0,0
Andorra,AND,2009,0,0,0
Andorra,AND,2010,0,0,0
Andorra,AND,2011,0,0,0
Andorra,AND,2012,0,0,0
Andorra,AND,2013,0,0,0
Andorra,AND,2014,0,0,0
Andorra,AND,2015,0,0,0
Angola,AGO,2000,9355,410,1305
Angola,AGO,2001,9584,416,1322
Angola,AGO,2002,10074,430,1369
Angola,AGO,2003,10368,434,1381
Angola,AGO,2004,10743,438,1393
Angola,AGO,2005,11195,446,1418
Angola,AGO,2006,11687,454,1444
Angola,AGO,2007,12096,460,1464
Angola,AGO,2008,12432,467,1484
Angola,AGO,2009,12606,467,1487
Angola,AGO,2010,12681,469,1491
Angola,AGO,2011,12611,467,1484
Angola,AGO,2012,12462,461,1467
Angola,AGO,2013,11867,436,1387
Angola,AGO,2014,10033,360,1145
Angola,AGO,2015,8704,310,984
Antigua and Barbuda,ATG,2000,0,0,0
Antigua and Barbuda,ATG,2001,0,0,0
Antigua and Barbuda,ATG,2002,0,0,1
Antigua and Barbuda,ATG,2003,0,0,0
Antigua and Barbuda,ATG,2004,0,0,0
Antigua and Barbuda,ATG,2005,0,0,0
Antigua and Barbuda,ATG,2006,0,0,0
Antigua and Barbuda,ATG,2007,0,0,0
Antigua and Barbuda,ATG,2008,0,0,0
Antigua and Barbuda,ATG,2009,0,0,0
Antigua and Barbuda,ATG,2010,0,0,0
Antigua and Barbuda,ATG,2011,0,0,0
Antigua and Barbuda,ATG,2012,0,0,0
Antigua and Barbuda,ATG,2013,0,0,0
Antigua and Barbuda,ATG,2014,0,0,0
Antigua and Barbuda,ATG,2015,0,0,0
Argentina,ARG,2000,350,87,98
Argentina,ARG,2001,363,79,88
Argentina,ARG,2002,349,85,96
Argentina,ARG,2003,549,100,113
Argentina,ARG,2004,398,101,114
Argentina,ARG,2005,320,91,102
Argentina,ARG,2006,340,87,98
Argentina,ARG,2007,398,73,82
Argentina,ARG,2008,342,74,84
Argentina,ARG,2009,418,72,81
Argentina,ARG,2010,309,80,90
Argentina,ARG,2011,314,59,66
Argentina,ARG,2012,238,55,62
Argentina,ARG,2013,190,37,42
Argentina,ARG,2014,163,33,37
Argentina,ARG,2015,154,32,36
Armenia,ARM,2000,52,6,7
Armenia,ARM,2001,49,6,6
Armenia,ARM,2002,46,5,6
Armenia,ARM,2003,45,5,6
Armenia,ARM,2004,43,5,6
Armenia,ARM,2005,40,5,6
Armenia,ARM,2006,37,5,5
Armenia,ARM,2007,35,4,5
Armenia,ARM,2008,32,4,5
Armenia,ARM,2009,29,4,4
Armenia,ARM,2010,28,5,6
Armenia,ARM,2011,27,7,7
Armenia,ARM,2012,25,6,7
Armenia,ARM,2013,22,5,6
Armenia,ARM,2014,20,5,5
Armenia,ARM,2015,16,4,4
Australia,AUS,2000,15,11,12
Australia,AUS,2001,21,16,18
Australia,AUS,2002,16,6,6
Australia,AUS,2003,22,11,13
Australia,AUS,2004,28,12,14
Australia,AUS,2005,18,8,9
Australia,AUS,2006,14,7,8
Australia,AUS,2007,13,4,4
Australia,AUS,2008,10,4,5
Australia,AUS,2009,11,2,2
Australia,AUS,2010,17,6,7
Australia,AUS,2011,9,4,4
Australia,AUS,2012,5,2,2
Australia,AUS,2013,5,2,2
Australia,AUS,2014,4,1,2
Australia,AUS,2015,4,1,2
Austria,AUT,2000,2,2,2
Austria,AUT,2001,4,2,2
Austria,AUT,2002,5,1,2
Austria,AUT,2003,2,2,3
Austria,AUT,2004,5,2,2
Austria,AUT,2005,1,2,2
Austria,AUT,2006,2,2,2
Austria,AUT,2007,2,0,1
Austria,AUT,2008,2,3,3
Austria,AUT,2009,2,3,3
Austria,AUT,2010,2,3,3
Austria,AUT,2011,4,1,1
Austria,AUT,2012,3,2,3
Austria,AUT,2013,1,3,3
Austria,AUT,2014,2,1,1
Austria,AUT,2015,2,2,2
Azerbaijan,AZE,2000,559,60,67
Azerbaijan,AZE,2001,485,51,57
Azerbaijan,AZE,2002,429,44,49
Azerbaijan,AZE,2003,388,38,43
Azerbaijan,AZE,2004,361,34,39
Azerbaijan,AZE,2005,337,31,35
Azerbaijan,AZE,2006,321,28,32
Azerbaijan,AZE,2007,305,26,29
Azerbaijan,AZE,2008,295,24,27
Azerbaijan,AZE,2009,288,23,26
Azerbaijan,AZE,2010,288,23,25
Azerbaijan,AZE,2011,294,23,26
Azerbaijan,AZE,2012,303,24,27
Azerbaijan,AZE,2013,313,24,27
Azerbaijan,AZE,2014,230,17,19
Azerbaijan,AZE,2015,163,12,14
Bahamas,BHS,2000,4,0,0
Bahamas,BHS,2001,3,0,1
Bahamas,BHS,2002,3,0,1
Bahamas,BHS,2003,2,0,0
Bahamas,BHS,2004,1,0,0
Bahamas,BHS,2005,2,0,0
Bahamas,BHS,2006,2,0,0
Bahamas,BHS,2007,3,0,0
Bahamas,BHS,2008,4,0,0
Bahamas,BHS,2009,4,0,0
Bahamas,BHS,2010,3,0,0
Bahamas,BHS,2011,3,0,0
Bahamas,BHS,2012,3,0,0
Bahamas,BHS,2013,2,0,0
Bahamas,BHS,2014,1,0,0
Bahamas,BHS,2015,1,0,0
Bahrain,BHR,2000,1,0,0
Bahrain,BHR,2001,3,0,0
Bahrain,BHR,2002,3,1,1
Bahrain,BHR,2003,3,1,1
Bahrain,BHR,2004,2,1,1
Bahrain,BHR,2005,2,1,1
Bahrain,BHR,2006,3,3,3
Bahrain,BHR,2007,3,2,3
Bahrain,BHR,2008,3,2,2
Bahrain,BHR,2009,3,1,1
Bahrain,BHR,2010,2,0,0
Bahrain,BHR,2011,1,1,1
Bahrain,BHR,2012,1,1,1
Bahrain,BHR,2013,0,1,1
Bahrain,BHR,2014,1,0,0
Bahrain,BHR,2015,1,0,0
Bangladesh,BGD,2000,16671,834,2652
Bangladesh,BGD,2001,15795,781,2484
Bangladesh,BGD,2002,14261,697,2216
Bangladesh,BGD,2003,13286,1816,2040
Bangladesh,BGD,2004,12289,1662,1867
Bangladesh,BGD,2005,11650,1561,1754
Bangladesh,BGD,2006,10654,1414,1588
Bangladesh,BGD,2007,9724,1279,1436
Bangladesh,BGD,2008,8777,1141,1282
Bangladesh,BGD,2009,7935,1019,1145
Bangladesh,BGD,2010,7258,919,1032
Bangladesh,BGD,2011,6629,829,931
Bangladesh,BGD,2012,6123,759,853
Bangladesh,BGD,2013,5655,698,784
Bangladesh,BGD,2014,5273,649,729
Bangladesh,BGD,2015,3886,462,518
Barbados,BRB,2000,0,1,1
Barbados,BRB,2001,0,0,1
Barbados,BRB,2002,1,0,0
Barbados,BRB,2003,1,0,0
Barbados,BRB,2004,1,0,0
Barbados,BRB,2005,1,0,0
Barbados,BRB,2006,2,0,0
Barbados,BRB,2007,1,0,0
Barbados,BRB,2008,1,0,0
Barbados,BRB,2009,0,0,0
Barbados,BRB,2010,0,0,0
Barbados,BRB,2011,0,0,0
Barbados,BRB,2012,0,0,0
Barbados,BRB,2013,0,0,0
Barbados,BRB,2014,0,0,0
Barbados,BRB,2015,0,0,0
Belarus,BLR,2000,45,4,4
Belarus,BLR,2001,39,3,4
Belarus,BLR,2002,35,3,3
Belarus,BLR,2003,31,3,3
Belarus,BLR,2004,29,3,3
Belarus,BLR,2005,26,2,3
Belarus,BLR,2006,24,2,3
Belarus,BLR,2007,21,2,2
Belarus,BLR,2008,18,2,2
Belarus,BLR,2009,17,2,3
Belarus,BLR,2010,15,2,2
Belarus,BLR,2011,13,2,2
Belarus,BLR,2012,13,2,2
Belarus,BLR,2013,12,2,2
Belarus,BLR,2014,11,2,2
Belarus,BLR,2015,10,1,2
Belgium,BEL,2000,3,9,10
Belgium,BEL,2001,2,11,12
Belgium,BEL,2002,8,7,8
Belgium,BEL,2003,4,7,8
Belgium,BEL,2004,2,9,11
Belgium,BEL,2005,8,8,9
Belgium,BEL,2006,3,9,10
Belgium,BEL,2007,7,8,9
Belgium,BEL,2008,4,5,6
Belgium,BEL,2009,6,5,6
Belgium,BEL,2010,6,2,3
Belgium,BEL,2011,4,3,4
Belgium,BEL,2012,0,3,3
Belgium,BEL,2013,2,2,2
Belgium,BEL,2014,2,1,2
Belgium,BEL,2015,1,1,1
Belize,BLZ,2000,8,1,1
Belize,BLZ,2001,7,2,2
Belize,BLZ,2002,11,3,4
Belize,BLZ,2003,9,1,1
Belize,BLZ,2004,9,2,2
Belize,BLZ,2005,5,0,0
Belize,BLZ,2006,9,0,0
Belize,BLZ,2007,2,1,1
Belize,BLZ,2008,3,0,0
Belize,BLZ,2009,3,0,0
Belize,BLZ,2010,4,1,1
Belize,BLZ,2011,1,0,0
Belize,BLZ,2012,8,1,1
Belize,BLZ,2013,3,2,2
Belize,BLZ,2014,4,1,1
Belize,BLZ,2015,4,1,1
Benin,BEN,2000,2211,120,381
Benin,BEN,2001,2164,117,371
Benin,BEN,2002,2148,115,367
Benin,BEN,2003,2122,114,361
Benin,BEN,2004,2086,111,355
Benin,BEN,2005,2057,110,349
Benin,BEN,2006,2107,112,357
Benin,BEN,2007,2136,114,361
Benin,BEN,2008,2188,116,369
Benin,BEN,2009,2245,119,378
Benin,BEN,2010,2294,121,385
Benin,BEN,2011,2014,104,330
Benin,BEN,2012,1539,76,242
Benin,BEN,2013,1464,74,235
Benin,BEN,2014,1369,70,224
Benin,BEN,2015,898,43,138
Bhutan,BTN,2000,78,3,11
Bhutan,BTN,2001,71,3,10
Bhutan,BTN,2002,64,8,9
Bhutan,BTN,2003,58,7,8
Bhutan,BTN,2004,52,6,7
Bhutan,BTN,2005,47,5,6
Bhutan,BTN,2006,43,5,6
Bhutan,BTN,2007,40,5,5
Bhutan,BTN,2008,37,4,5
Bhutan,BTN,2009,34,4,4
Bhutan,BTN,2010,31,3,4
Bhutan,BTN,2011,28,3,3
Bhutan,BTN,2012,25,3,3
Bhutan,BTN,2013,22,2,3
Bhutan,BTN,2014,20,2,2
Bhutan,BTN,2015,19,2,2
Bolivia,BOL,2000,1187,39,123
Bolivia,BOL,2001,1116,37,116
Bolivia,BOL,2002,1036,96,108
Bolivia,BOL,2003,955,88,99
Bolivia,BOL,2004,872,80,90
Bolivia,BOL,2005,801,73,82
Bolivia,BOL,2006,741,67,75
Bolivia,BOL,2007,688,62,69
Bolivia,BOL,2008,650,58,65
Bolivia,BOL,2009,613,55,62
Bolivia,BOL,2010,577,52,58
Bolivia,BOL,2011,542,48,54
Bolivia,BOL,2012,513,45,51
Bolivia,BOL,2013,481,42,47
Bolivia,BOL,2014,351,30,33
Bolivia,BOL,2015,245,20,23
Bosnia and Herzegovina,BIH,2000,6,0,1
Bosnia and Herzegovina,BIH,2001,5,0,0
Bosnia and Herzegovina,BIH,2002,5,0,0
Bosnia and Herzegovina,BIH,2003,4,0,0
Bosnia and Herzegovina,BIH,2004,4,0,1
Bosnia and Herzegovina,BIH,2005,5,1,1
Bosnia and Herzegovina,BIH,2006,4,1,1
Bosnia and Herzegovina,BIH,2007,5,1,1
Bosnia and Herzegovina,BIH,2008,5,1,1
Bosnia and Herzegovina,BIH,2009,5,1,1
Bosnia and Herzegovina,BIH,2010,4,0,1
Bosnia and Herzegovina,BIH,2011,3,0,0
Bosnia and Herzegovina,BIH,2012,3,0,0
Bosnia and Herzegovina,BIH,2013,2,0,0
Bosnia and Herzegovina,BIH,2014,2,0,0
Bosnia and Herzegovina,BIH,2015,2,0,0
Botswana,BWA,2000,86,3,9
Botswana,BWA,2001,88,3,9
Botswana,BWA,2002,91,3,9
Botswana,BWA,2003,94,3,9
Botswana,BWA,2004,99,3,10
Botswana,BWA,2005,103,9,10
Botswana,BWA,2006,106,9,10
Botswana,BWA,2007,110,9,10
Botswana,BWA,2008,114,9,11
Botswana,BWA,2009,115,9,11
Botswana,BWA,2010,115,9,10
Botswana,BWA,2011,117,9,11
Botswana,BWA,2012,95,7,8
Botswana,BWA,2013,82,6,7
Botswana,BWA,2014,68,5,6
Botswana,BWA,2015,61,5,5
Brazil,BRA,2000,5337,1014,1139
Brazil,BRA,2001,4715,929,1044
Brazil,BRA,2002,4095,726,815
Brazil,BRA,2003,3735,607,682
Brazil,BRA,2004,3412,570,641
Brazil,BRA,2005,2877,537,604
Brazil,BRA,2006,2612,508,570
Brazil,BRA,2007,2193,415,466
Brazil,BRA,2008,1791,358,402
Brazil,BRA,2009,1587,293,330
Brazil,BRA,2010,1146,230,259
Brazil,BRA,2011,900,117,131
Brazil,BRA,2012,752,90,101
Brazil,BRA,2013,753,77,87
Brazil,BRA,2014,678,78,88
Brazil,BRA,2015,701,79,89
Brunei,BRN,2000,1,0,0
Brunei,BRN,2001,1,0,0
Brunei,BRN,2002,1,0,0
Brunei,BRN,2003,1,0,0
Brunei,BRN,2004,1,0,0
Brunei,BRN,2005,1,0,0
Brunei,BRN,2006,1,0,0
Brunei,BRN,2007,1,0,0
Brunei,BRN,2008,1,0,0
Brunei,BRN,2009,1,0,0
Brunei,BRN,2010,1,0,0
Brunei,BRN,2011,1,0,0
Brunei,BRN,2012,1,0,0
Brunei,BRN,2013,1,0,0
Brunei,BRN,2014,1,0,0
Brunei,BRN,2015,1,0,0
Bulgaria,BGR,2000,84,5,6
Bulgaria,BGR,2001,78,4,5
Bulgaria,BGR,2002,63,2,3
Bulgaria,BGR,2003,73,6,7
Bulgaria,BGR,2004,52,5,6
Bulgaria,BGR,2005,58,4,5
Bulgaria,BGR,2006,56,6,6
Bulgaria,BGR,2007,51,5,5
Bulgaria,BGR,2008,45,6,7
Bulgaria,BGR,2009,67,4,5
Bulgaria,BGR,2010,48,4,4
Bulgaria,BGR,2011,29,2,3
Bulgaria,BGR,2012,25,2,2
Bulgaria,BGR,2013,23,2,2
Bulgaria,BGR,2014,15,1,1
Bulgaria,BGR,2015,13,1,1
Burkina Faso,BFA,2000,2822,171,543
Burkina Faso,BFA,2001,2991,181,575
Burkina Faso,BFA,2002,3173,192,609
Burkina Faso,BFA,2003,3363,202,644
Burkina Faso,BFA,2004,3525,211,671
Burkina Faso,BFA,2005,3569,212,676
Burkina Faso,BFA,2006,3454,204,650
Burkina Faso,BFA,2007,3186,188,599
Burkina Faso,BFA,2008,2878,170,541
Burkina Faso,BFA,2009,2719,161,511
Burkina Faso,BFA,2010,2707,160,509
Burkina Faso,BFA,2011,2877,170,540
Burkina Faso,BFA,2012,3054,180,574
Burkina Faso,BFA,2013,3253,192,612
Burkina Faso,BFA,2014,2241,124,395
Burkina Faso,BFA,2015,1882,104,332
Burundi,BDI,2000,2274,156,497
Burundi,BDI,2001,2264,156,495
Burundi,BDI,2002,2224,153,488
Burundi,BDI,2003,2358,163,519
Burundi,BDI,2004,2445,170,541
Burundi,BDI,2005,2433,170,541
Burundi,BDI,2006,2565,180,573
Burundi,BDI,2007,2578,182,578
Burundi,BDI,2008,2574,182,579
Burundi,BDI,2009,2582,184,585
Burundi,BDI,2010,2574,185,588
Burundi,BDI,2011,2459,177,562
Burundi,BDI,2012,1623,110,349
Burundi,BDI,2013,1338,92,291
Burundi,BDI,2014,1199,87,277
Burundi,BDI,2015,879,63,199
Cambodia,KHM,2000,2341,127,404
Cambodia,KHM,2001,2053,110,348
Cambodia,KHM,2002,1783,94,298
Cambodia,KHM,2003,1557,80,256
Cambodia,KHM,2004,1400,202,227
Cambodia,KHM,2005,1286,182,204
Cambodia,KHM,2006,1199,167,188
Cambodia,KHM,2007,1117,154,173
Cambodia,KHM,2008,1037,143,160
Cambodia,KHM,2009,946,130,146
Cambodia,KHM,2010,841,115,130
Cambodia,KHM,2011,752,103,115
Cambodia,KHM,2012,657,89,100
Cambodia,KHM,2013,594,80,90
Cambodia,KHM,2014,548,73,82
Cambodia,KHM,2015,349,44,49
Cameroon,CMR,2000,4934,234,745
Cameroon,CMR,2001,4771,226,718
Cameroon,CMR,2002,4738,224,711
Cameroon,CMR,2003,4600,217,690
Cameroon,CMR,2004,4488,211,672
Cameroon,CMR,2005,4464,210,668
Cameroon,CMR,2006,4553,214,680
Cameroon,CMR,2007,4603,216,687
Cameroon,CMR,2008,4770,223,710
Cameroon,CMR,2009,5010,234,743
Cameroon,CMR,2010,5066,236,750
Cameroon,CMR,2011,4654,213,677
Cameroon,CMR,2012,3341,145,462
Cameroon,CMR,2013,2771,121,384
Cameroon,CMR,2014,2492,112,358
Cameroon,CMR,2015,1739,76,241
Canada,CAN,2000,18,15,17
Canada,CAN,2001,18,11,13
Canada,CAN,2002,14,11,12
Canada,CAN,2003,15,11,12
Canada,CAN,2004,12,9,10
Canada,CAN,2005,12,9,10
Canada,CAN,2006,14,10,12
Canada,CAN,2007,18,10,11
Canada,CAN,2008,9,4,4
Canada,CAN,2009,14,11,12
Canada,CAN,2010,10,9,10
Canada,CAN,2011,6,4,4
Canada,CAN,2012,5,3,4
Canada,CAN,2013,4,3,3
Canada,CAN,2014,3,3,3
Canada,CAN,2015,3,2,3
Cape Verde,CPV,2000,22,2,2
Cape Verde,CPV,2001,19,2,2
Cape Verde,CPV,2002,17,2,2
Cape Verde,CPV,2003,15,2,2
Cape Verde,CPV,2004,14,2,2
Cape Verde,CPV,2005,14,2,2
Cape Verde,CPV,2006,14,2,2
Cape Verde,CPV,2007,14,2,2
Cape Verde,CPV,2008,14,2,2
Cape Verde,CPV,2009,14,2,2
Cape Verde,CPV,2010,14,2,2
Cape Verde,CPV,2011,15,2,3
Cape Verde,CPV,2012,14,2,3
Cape Verde,CPV,2013,14,2,3
Cape Verde,CPV,2014,13,2,2
Cape Verde,CPV,2015,13,2,2
Central African Republic,CAF,2000,891,60,192
Central African Republic,CAF,2001,899,61,193
Central African Republic,CAF,2002,911,62,196
Central African Republic,CAF,2003,891,61,193
Central African Republic,CAF,2004,868,59,188
Central African Republic,CAF,2005,843,57,182
Central African Republic,CAF,2006,879,59,188
Central African Republic,CAF,2007,919,61,194
Central African Republic,CAF,2008,950,62,197
Central African Republic,CAF,2009,1029,66,210
Central African Republic,CAF,2010,1081,69,219
Central African Republic,CAF,2011,1091,69,220
Central African Republic,CAF,2012,916,57,182
Central African Republic,CAF,2013,995,65,207
Central African Republic,CAF,2014,893,59,189
Central African Republic,CAF,2015,856,58,183
Chad,TCD,2000,4851,285,906
Chad,TCD,2001,4956,286,911
Chad,TCD,2002,5366,302,961
Chad,TCD,2003,5402,295,937
Chad,TCD,2004,5598,296,940
Chad,TCD,2005,5788,299,951
Chad,TCD,2006,6167,315,1003
Chad,TCD,2007,6115,311,990
Chad,TCD,2008,6402,326,1036
Chad,TCD,2009,6268,319,1014
Chad,TCD,2010,6331,321,1022
Chad,TCD,2011,6376,323,1027
Chad,TCD,2012,6389,322,1023
Chad,TCD,2013,6426,321,1022
Chad,TCD,2014,6391,317,1010
Chad,TCD,2015,6347,313,997
Chile,CHL,2000,102,27,30
Chile,CHL,2001,113,37,42
Chile,CHL,2002,55,27,30
Chile,CHL,2003,54,28,31
Chile,CHL,2004,52,23,26
Chile,CHL,2005,45,25,28
Chile,CHL,2006,34,15,17
Chile,CHL,2007,41,12,14
Chile,CHL,2008,46,13,15
Chile,CHL,2009,44,10,11
Chile,CHL,2010,33,17,19
Chile,CHL,2011,18,8,10
Chile,CHL,2012,15,8,10
Chile,CHL,2013,16,4,5
Chile,CHL,2014,12,6,6
Chile,CHL,2015,9,4,5
China,CHN,2000,22713,2566,2882
China,CHN,2001,19466,2223,2497
China,CHN,2002,16759,1956,2197
China,CHN,2003,14281,1772,1990
China,CHN,2004,12283,1610,1809
China,CHN,2005,10736,1536,1725
China,CHN,2006,9824,1542,1732
China,CHN,2007,9131,1515,1701
China,CHN,2008,8604,1552,1743
China,CHN,2009,8067,1523,1710
China,CHN,2010,7614,1496,1681
China,CHN,2011,7019,1405,1579
China,CHN,2012,6490,1270,1427
China,CHN,2013,6012,1163,1306
China,CHN,2014,5545,1047,1176
China,CHN,2015,5257,992,1114
Colombia,COL,2000,906,129,145
Colombia,COL,2001,785,119,133
Colombia,COL,2002,623,122,137
Colombia,COL,2003,691,129,145
Colombia,COL,2004,700,120,135
Colombia,COL,2005,681,133,149
Colombia,COL,2006,711,127,142
Colombia,COL,2007,659,93,104
Colombia,COL,2008,568,86,96
Colombia,COL,2009,534,86,96
Colombia,COL,2010,456,65,73
Colombia,COL,2011,424,52,58
Colombia,COL,2012,325,31,35
Colombia,COL,2013,278,33,37
Colombia,COL,2014,200,23,26
Colombia,COL,2015,166,19,22
Comoros,COM,2000,89,5,16
Comoros,COM,2001,90,5,16
Comoros,COM,2002,93,5,17
Comoros,COM,2003,94,5,17
Comoros,COM,2004,95,5,17
Comoros,COM,2005,94,5,17
Comoros,COM,2006,93,5,17
Comoros,COM,2007,92,5,17
Comoros,COM,2008,92,5,16
Comoros,COM,2009,90,5,16
Comoros,COM,2010,88,5,16
Comoros,COM,2011,86,5,15
Comoros,COM,2012,83,5,15
Comoros,COM,2013,81,5,15
Comoros,COM,2014,79,4,14
Comoros,COM,2015,77,12,14
Congo,COG,2000,650,26,83
Congo,COG,2001,673,27,86
Congo,COG,2002,676,27,87
Congo,COG,2003,663,27,86
Congo,COG,2004,646,27,86
Congo,COG,2005,623,26,84
Congo,COG,2006,595,25,80
Congo,COG,2007,567,24,77
Congo,COG,2008,535,64,72
Congo,COG,2009,498,59,66
Congo,COG,2010,462,54,60
Congo,COG,2011,437,50,56
Congo,COG,2012,403,45,50
Congo,COG,2013,270,28,31
Congo,COG,2014,224,23,26
Congo,COG,2015,203,22,24
Cook Islands,COK,2000,0,0,0
Cook Islands,COK,2001,0,0,0
Cook Islands,COK,2002,0,0,0
Cook Islands,COK,2003,0,0,0
Cook Islands,COK,2004,0,0,0
Cook Islands,COK,2005,0,0,0
Cook Islands,COK,2006,0,0,0
Cook Islands,COK,2007,0,0,0
Cook Islands,COK,2008,0,0,0
Cook Islands,COK,2009,0,0,0
Cook Islands,COK,2010,0,0,0
Cook Islands,COK,2011,0,0,0
Cook Islands,COK,2012,0,0,0
Cook Islands,COK,2013,0,0,0
Cook Islands,COK,2014,0,0,0
Cook Islands,COK,2015,0,0,0
Costa Rica,CRI,2000,24,3,4
Costa Rica,CRI,2001,19,3,3
Costa Rica,CRI,2002,17,5,6
Costa Rica,CRI,2003,15,2,2
Costa Rica,CRI,2004,14,1,1
Costa Rica,CRI,2005,17,3,3
Costa Rica,CRI,2006,10,2,3
Costa Rica,CRI,2007,13,3,3
Costa Rica,CRI,2008,8,4,4
Costa Rica,CRI,2009,8,3,3
Costa Rica,CRI,2010,8,2,3
Costa Rica,CRI,2011,8,2,3
Costa Rica,CRI,2012,5,2,3
Costa Rica,CRI,2013,6,1,1
Costa Rica,CRI,2014,3,1,1
Costa Rica,CRI,2015,3,1,1
Cote d'Ivoire,CIV,2000,2369,105,335
Cote d'Ivoire,CIV,2001,2338,105,333
Cote d'Ivoire,CIV,2002,2286,103,329
Cote d'Ivoire,CIV,2003,2237,102,324
Cote d'Ivoire,CIV,2004,2179,100,317
Cote d'Ivoire,CIV,2005,2200,101,321
Cote d'Ivoire,CIV,2006,2260,103,329
Cote d'Ivoire,CIV,2007,2392,109,347
Cote d'Ivoire,CIV,2008,2506,114,363
Cote d'Ivoire,CIV,2009,2734,124,396
Cote d'Ivoire,CIV,2010,2940,134,425
Cote d'Ivoire,CIV,2011,3131,142,452
Cote d'Ivoire,CIV,2012,3241,147,467
Cote d'Ivoire,CIV,2013,3375,152,484
Cote d'Ivoire,CIV,2014,3426,154,491
Cote d'Ivoire,CIV,2015,2525,108,343
Croatia,HRV,2000,4,1,2
Croatia,HRV,2001,2,2,2
Croatia,HRV,2002,1,2,2
Croatia,HRV,2003,3,1,1
Croatia,HRV,2004,1,0,0
Croatia,HRV,2005,3,3,3
Croatia,HRV,2006,2,0,0
Croatia,HRV,2007,3,0,0
Croatia,HRV,2008,2,1,1
Croatia,HRV,2009,2,2,2
Croatia,HRV,2010,2,2,2
Croatia,HRV,2011,0,2,2
Croatia,HRV,2012,1,3,3
Croatia,HRV,2013,3,1,1
Croatia,HRV,2014,1,1,2
Croatia,HRV,2015,1,1,2
Cuba,CUB,2000,26,22,24
Cuba,CUB,2001,26,16,18
Cuba,CUB,2002,22,8,9
Cuba,CUB,2003,20,12,14
Cuba,CUB,2004,18,10,11
Cuba,CUB,2005,23,12,14
Cuba,CUB,2006,25,10,11
Cuba,CUB,2007,21,7,8
Cuba,CUB,2008,17,10,11
Cuba,CUB,2009,29,6,7
Cuba,CUB,2010,20,7,8
Cuba,CUB,2011,22,10,11
Cuba,CUB,2012,24,10,11
Cuba,CUB,2013,24,7,8
Cuba,CUB,2014,22,8,9
Cuba,CUB,2015,22,8,9
Cyprus,CYP,2000,1,1,1
Cyprus,CYP,2001,1,1,1
Cyprus,CYP,2002,1,1,1
Cyprus,CYP,2003,1,1,1
Cyprus,CYP,2004,1,0,1
Cyprus,CYP,2005,1,0,0
Cyprus,CYP,2006,1,0,0
Cyprus,CYP,2007,1,0,0
Cyprus,CYP,2008,1,0,0
Cyprus,CYP,2009,1,0,0
Cyprus,CYP,2010,0,0,0
Cyprus,CYP,2011,0,0,0
Cyprus,CYP,2012,0,0,0
Cyprus,CYP,2013,0,0,0
Cyprus,CYP,2014,0,0,0
Cyprus,CYP,2015,0,0,0
Czechia,CZE,2000,6,2,2
Czechia,CZE,2001,7,2,2
Czechia,CZE,2002,8,1,2
Czechia,CZE,2003,8,2,2
Czechia,CZE,2004,5,4,4
Czechia,CZE,2005,7,2,3
Czechia,CZE,2006,10,1,1
Czechia,CZE,2007,9,4,5
Czechia,CZE,2008,8,2,2
Czechia,CZE,2009,6,4,4
Czechia,CZE,2010,11,1,1
Czechia,CZE,2011,7,2,3
Czechia,CZE,2012,8,1,2
Czechia,CZE,2013,10,2,2
Czechia,CZE,2014,8,2,2
Czechia,CZE,2015,7,2,2
Democratic Republic of Congo,COD,2000,12202,889,2828
Democratic Republic of Congo,COD,2001,11857,870,2769
Democratic Republic of Congo,COD,2002,11727,862,2742
Democratic Republic of Congo,COD,2003,11524,842,2679
Democratic Republic of Congo,COD,2004,11538,838,2666
Democratic Republic of Congo,COD,2005,11112,802,2551
Democratic Republic of Congo,COD,2006,11369,816,2595
Democratic Republic of Congo,COD,2007,11434,817,2599
Democratic Republic of Congo,COD,2008,12091,860,2735
Democratic Republic of Congo,COD,2009,13436,950,3023
Democratic Republic of Congo,COD,2010,14760,1037,3299
Democratic Republic of Congo,COD,2011,16072,1120,3563
Democratic Republic of Congo,COD,2012,16377,1123,3572
Democratic Republic of Congo,COD,2013,15357,1035,3291
Democratic Republic of Congo,COD,2014,13144,865,2750
Democratic Republic of Congo,COD,2015,11423,747,2374
Denmark,DNK,2000,3,2,2
Denmark,DNK,2001,3,2,3
Denmark,DNK,2002,4,2,2
Denmark,DNK,2003,4,2,2
Denmark,DNK,2004,2,2,3
Denmark,DNK,2005,3,1,1
Denmark,DNK,2006,1,0,1
Denmark,DNK,2007,0,1,1
Denmark,DNK,2008,1,1,1
Denmark,DNK,2009,2,0,0
Denmark,DNK,2010,1,0,0
Denmark,DNK,2011,1,0,0
Denmark,DNK,2012,0,0,0
Denmark,DNK,2013,0,0,0
Denmark,DNK,2014,0,0,0
Denmark,DNK,2015,0,0,0
Djibouti,DJI,2000,100,5,16
Djibouti,DJI,2001,97,5,16
Djibouti,DJI,2002,95,5,15
Djibouti,DJI,2003,93,5,15
Djibouti,DJI,2004,90,5,15
Djibouti,DJI,2005,87,4,14
Djibouti,DJI,2006,85,4,14
Djibouti,DJI,2007,81,4,13
Djibouti,DJI,2008,78,4,13
Djibouti,DJI,2009,74,4,12
Djibouti,DJI,2010,71,4,12
Djibouti,DJI,2011,70,11,12
Djibouti,DJI,2012,70,11,12
Djibouti,DJI,2013,47,7,8
Djibouti,DJI,2014,40,6,7
Djibouti,DJI,2015,35,6,6
Dominica,DMA,2000,0,0,0
Dominica,DMA,2001,0,0,0
Dominica,DMA,2002,0,0,0
Dominica,DMA,2003,0,0,0
Dominica,DMA,2004,0,0,0
Dominica,DMA,2005,0,0,0
Dominica,DMA,2006,0,0,0
Dominica,DMA,2007,1,0,0
Dominica,DMA,2008,0,0,0
Dominica,DMA,2009,0,0,0
Dominica,DMA,2010,0,0,0
Dominica,DMA,2011,0,0,0
Dominica,DMA,2012,0,0,0
Dominica,DMA,2013,0,0,0
Dominica,DMA,2014,0,0,0
Dominica,DMA,2015,0,0,0
Dominican Republic,DOM,2000,286,23,26
Dominican Republic,DOM,2001,265,21,24
Dominican Republic,DOM,2002,252,20,23
Dominican Republic,DOM,2003,243,19,22
Dominican Republic,DOM,2004,236,19,21
Dominican Republic,DOM,2005,225,17,20
Dominican Republic,DOM,2006,216,17,19
Dominican Republic,DOM,2007,205,16,17
Dominican Republic,DOM,2008,199,15,17
Dominican Republic,DOM,2009,192,14,16
Dominican Republic,DOM,2010,191,14,16
Dominican Republic,DOM,2011,190,14,15
Dominican Republic,DOM,2012,189,14,15
Dominican Republic,DOM,2013,191,14,15
Dominican Republic,DOM,2014,167,12,13
Dominican Republic,DOM,2015,176,13,14
Ecuador,ECU,2000,447,48,53
Ecuador,ECU,2001,425,45,51
Ecuador,ECU,2002,402,43,48
Ecuador,ECU,2003,399,65,73
Ecuador,ECU,2004,417,81,91
Ecuador,ECU,2005,405,81,91
Ecuador,ECU,2006,396,81,91
Ecuador,ECU,2007,387,80,90
Ecuador,ECU,2008,391,82,92
Ecuador,ECU,2009,382,80,89
Ecuador,ECU,2010,361,75,84
Ecuador,ECU,2011,299,62,69
Ecuador,ECU,2012,222,46,52
Ecuador,ECU,2013,193,41,46
Ecuador,ECU,2014,137,29,33
Ecuador,ECU,2015,113,24,27
Egypt,EGY,2000,4163,185,207
Egypt,EGY,2001,3844,171,192
Egypt,EGY,2002,3547,158,178
Egypt,EGY,2003,3269,146,164
Egypt,EGY,2004,3053,136,153
Egypt,EGY,2005,2828,127,142
Egypt,EGY,2006,2646,120,134
Egypt,EGY,2007,2488,114,128
Egypt,EGY,2008,2329,108,121
Egypt,EGY,2009,2221,103,116
Egypt,EGY,2010,2161,100,113
Egypt,EGY,2011,2145,99,111
Egypt,EGY,2012,2174,99,111
Egypt,EGY,2013,2216,99,111
Egypt,EGY,2014,2696,148,167
Egypt,EGY,2015,2715,151,170
El Salvador,SLV,2000,253,16,18
El Salvador,SLV,2001,221,14,16
El Salvador,SLV,2002,219,25,28
El Salvador,SLV,2003,198,24,27
El Salvador,SLV,2004,178,22,24
El Salvador,SLV,2005,163,20,22
El Salvador,SLV,2006,148,18,20
El Salvador,SLV,2007,138,17,19
El Salvador,SLV,2008,126,16,18
El Salvador,SLV,2009,116,14,16
El Salvador,SLV,2010,95,11,13
El Salvador,SLV,2011,71,8,9
El Salvador,SLV,2012,53,6,7
El Salvador,SLV,2013,45,5,6
El Salvador,SLV,2014,31,3,4
El Salvador,SLV,2015,25,3,3
Equatorial Guinea,GNQ,2000,143,4,14
Equatorial Guinea,GNQ,2001,137,4,12
Equatorial Guinea,GNQ,2002,128,3,11
Equatorial Guinea,GNQ,2003,117,3,10
Equatorial Guinea,GNQ,2004,109,3,9
Equatorial Guinea,GNQ,2005,107,3,8
Equatorial Guinea,GNQ,2006,113,3,8
Equatorial Guinea,GNQ,2007,122,3,9
Equatorial Guinea,GNQ,2008,130,3,9
Equatorial Guinea,GNQ,2009,133,3,10
Equatorial Guinea,GNQ,2010,134,3,10
Equatorial Guinea,GNQ,2011,130,3,10
Equatorial Guinea,GNQ,2012,125,3,10
Equatorial Guinea,GNQ,2013,126,3,10
Equatorial Guinea,GNQ,2014,128,3,10
Equatorial Guinea,GNQ,2015,125,3,10
Eritrea,ERI,2000,682,38,121
Eritrea,ERI,2001,675,38,121
Eritrea,ERI,2002,673,38,122
Eritrea,ERI,2003,673,39,123
Eritrea,ERI,2004,672,111,124
Eritrea,ERI,2005,666,111,125
Eritrea,ERI,2006,662,112,125
Eritrea,ERI,2007,651,111,125
Eritrea,ERI,2008,634,110,123
Eritrea,ERI,2009,614,107,121
Eritrea,ERI,2010,596,104,117
Eritrea,ERI,2011,577,101,113
Eritrea,ERI,2012,556,97,109
Eritrea,ERI,2013,535,92,104
Eritrea,ERI,2014,519,89,100
Eritrea,ERI,2015,500,86,97
Estonia,EST,2000,2,0,0
Estonia,EST,2001,1,1,1
Estonia,EST,2002,2,1,1
Estonia,EST,2003,1,0,0
Estonia,EST,2004,2,0,0
Estonia,EST,2005,2,1,1
Estonia,EST,2006,0,0,0
Estonia,EST,2007,1,0,0
Estonia,EST,2008,0,1,1
Estonia,EST,2009,1,0,1
Estonia,EST,2010,2,1,1
Estonia,EST,2011,1,1,1
Estonia,EST,2012,1,0,0
Estonia,EST,2013,1,0,0
Estonia,EST,2014,1,0,0
Estonia,EST,2015,1,0,0
Eswatini,SWZ,2000,209,8,26
Eswatini,SWZ,2001,215,8,27
Eswatini,SWZ,2002,218,9,27
Eswatini,SWZ,2003,221,9,28
Eswatini,SWZ,2004,221,9,28
Eswatini,SWZ,2005,219,9,28
Eswatini,SWZ,2006,214,8,27
Eswatini,SWZ,2007,209,8,26
Eswatini,SWZ,2008,202,8,25
Eswatini,SWZ,2009,193,7,24
Eswatini,SWZ,2010,182,7,22
Eswatini,SWZ,2011,173,7,21
Eswatini,SWZ,2012,166,18,20
Eswatini,SWZ,2013,159,17,19
Eswatini,SWZ,2014,115,12,13
Eswatini,SWZ,2015,88,9,10
Ethiopia,ETH,2000,24802,1669,5307
Ethiopia,ETH,2001,24253,1625,5169
Ethiopia,ETH,2002,23217,1548,4923
Ethiopia,ETH,2003,21886,1448,4607
Ethiopia,ETH,2004,20400,1333,4240
Ethiopia,ETH,2005,18908,1216,3866
Ethiopia,ETH,2006,18146,1146,3644
Ethiopia,ETH,2007,16567,1026,3264
Ethiopia,ETH,2008,14618,889,2828
Ethiopia,ETH,2009,14003,837,2662
Ethiopia,ETH,2010,13052,766,2436
Ethiopia,ETH,2011,11671,1893,2127
Ethiopia,ETH,2012,9846,1548,1739
Ethiopia,ETH,2013,8042,1232,1384
Ethiopia,ETH,2014,6856,1042,1170
Ethiopia,ETH,2015,4622,673,756
Fiji,FJI,2000,18,4,5
Fiji,FJI,2001,17,4,5
Fiji,FJI,2002,17,4,5
Fiji,FJI,2003,17,4,5
Fiji,FJI,2004,17,4,5
Fiji,FJI,2005,18,4,5
Fiji,FJI,2006,19,5,5
Fiji,FJI,2007,20,5,5
Fiji,FJI,2008,21,5,6
Fiji,FJI,2009,21,5,6
Fiji,FJI,2010,20,5,5
Fiji,FJI,2011,20,5,5
Fiji,FJI,2012,19,4,5
Fiji,FJI,2013,10,3,3
Fiji,FJI,2014,9,2,2
Fiji,FJI,2015,8,2,2
Finland,FIN,2000,2,0,0
Finland,FIN,2001,3,0,0
Finland,FIN,2002,0,0,0
Finland,FIN,2003,5,2,2
Finland,FIN,2004,1,2,2
Finland,FIN,2005,2,1,1
Finland,FIN,2006,0,0,1
Finland,FIN,2007,2,1,1
Finland,FIN,2008,2,1,1
Finland,FIN,2009,2,0,0
Finland,FIN,2010,1,1,1
Finland,FIN,2011,3,0,0
Finland,FIN,2012,1,0,0
Finland,FIN,2013,1,0,0
Finland,FIN,2014,1,0,0
Finland,FIN,2015,1,0,0
France,FRA,2000,23,26,29
France,FRA,2001,20,24,26
France,FRA,2002,20,23,26
France,FRA,2003,24,21,23
France,FRA,2004,14,19,22
France,FRA,2005,25,14,15
France,FRA,2006,13,18,20
France,FRA,2007,20,11,13
France,FRA,2008,12,14,16
France,FRA,2009,14,8,9
France,FRA,2010,16,12,14
France,FRA,2011,9,6,7
France,FRA,2012,7,5,5
France,FRA,2013,6,4,5
France,FRA,2014,6,4,4
France,FRA,2015,6,4,4
Gabon,GAB,2000,106,3,9
Gabon,GAB,2001,110,3,10
Gabon,GAB,2002,114,3,10
Gabon,GAB,2003,118,3,11
Gabon,GAB,2004,120,3,11
Gabon,GAB,2005,122,3,11
Gabon,GAB,2006,122,10,11
Gabon,GAB,2007,123,10,11
Gabon,GAB,2008,122,10,11
Gabon,GAB,2009,121,10,11
Gabon,GAB,2010,119,10,11
Gabon,GAB,2011,119,10,11
Gabon,GAB,2012,116,9,11
Gabon,GAB,2013,114,9,10
Gabon,GAB,2014,110,9,10
Gabon,GAB,2015,107,9,10
Gambia,GMB,2000,343,21,67
Gambia,GMB,2001,335,21,65
Gambia,GMB,2002,343,21,67
Gambia,GMB,2003,341,21,66
Gambia,GMB,2004,337,21,65
Gambia,GMB,2005,336,20,65
Gambia,GMB,2006,334,20,64
Gambia,GMB,2007,330,20,63
Gambia,GMB,2008,327,20,62
Gambia,GMB,2009,324,19,62
Gambia,GMB,2010,280,16,52
Gambia,GMB,2011,228,13,41
Gambia,GMB,2012,166,9,30
Gambia,GMB,2013,150,24,27
Gambia,GMB,2014,111,18,20
Gambia,GMB,2015,96,15,17
Georgia,GEO,2000,69,11,13
Georgia,GEO,2001,59,9,11
Georgia,GEO,2002,52,8,9
Georgia,GEO,2003,47,7,8
Georgia,GEO,2004,43,6,7
Georgia,GEO,2005,39,6,6
Georgia,GEO,2006,36,5,6
Georgia,GEO,2007,33,5,5
Georgia,GEO,2008,30,4,5
Georgia,GEO,2009,27,4,4
Georgia,GEO,2010,26,6,6
Georgia,GEO,2011,25,6,7
Georgia,GEO,2012,22,5,6
Georgia,GEO,2013,19,5,5
Georgia,GEO,2014,17,4,5
Georgia,GEO,2015,15,4,4
Germany,DEU,2000,29,24,27
Germany,DEU,2001,43,17,19
Germany,DEU,2002,37,25,28
Germany,DEU,2003,36,22,25
Germany,DEU,2004,34,22,25
Germany,DEU,2005,25,16,18
Germany,DEU,2006,19,18,21
Germany,DEU,2007,19,10,11
Germany,DEU,2008,20,8,9
Germany,DEU,2009,17,5,5
Germany,DEU,2010,5,3,3
Germany,DEU,2011,6,2,2
Germany,DEU,2012,4,2,2
Germany,DEU,2013,4,2,2
Germany,DEU,2014,4,1,2
Germany,DEU,2015,4,1,2
Ghana,GHA,2000,2135,108,343
Ghana,GHA,2001,2195,110,348
Ghana,GHA,2002,2283,113,358
Ghana,GHA,2003,2328,113,361
Ghana,GHA,2004,2430,117,373
Ghana,GHA,2005,2512,120,382
Ghana,GHA,2006,2619,124,395
Ghana,GHA,2007,2633,124,395
Ghana,GHA,2008,2542,119,378
Ghana,GHA,2009,2522,117,371
Ghana,GHA,2010,2470,318,357
Ghana,GHA,2011,2490,314,353
Ghana,GHA,2012,2113,256,287
Ghana,GHA,2013,1605,184,207
Ghana,GHA,2014,1360,158,177
Ghana,GHA,2015,1257,151,170
Greece,GRC,2000,8,3,3
Greece,GRC,2001,7,2,2
Greece,GRC,2002,6,0,0
Greece,GRC,2003,8,2,2
Greece,GRC,2004,9,1,2
Greece,GRC,2005,11,1,1
Greece,GRC,2006,13,1,1
Greece,GRC,2007,12,1,1
Greece,GRC,2008,12,1,1
Greece,GRC,2009,7,1,2
Greece,GRC,2010,5,0,0
Greece,GRC,2011,5,1,1
Greece,GRC,2012,8,0,0
Greece,GRC,2013,6,0,0
Greece,GRC,2014,3,0,0
Greece,GRC,2015,2,0,0
Grenada,GRD,2000,1,0,0
Grenada,GRD,2001,1,0,0
Grenada,GRD,2002,1,0,0
Grenada,GRD,2003,0,0,0
Grenada,GRD,2004,1,0,0
Grenada,GRD,2005,1,0,0
Grenada,GRD,2006,1,0,0
Grenada,GRD,2007,1,0,0
Grenada,GRD,2008,1,0,0
Grenada,GRD,2009,0,0,0
Grenada,GRD,2010,0,0,0
Grenada,GRD,2011,0,0,0
Grenada,GRD,2012,0,0,0
Grenada,GRD,2013,0,0,0
Grenada,GRD,2014,0,0,0
Grenada,GRD,2015,0,0,0
Guatemala,GTM,2000,1242,105,118
Guatemala,GTM,2001,1197,101,114
Guatemala,GTM,2002,1151,98,110
Guatemala,GTM,2003,1102,94,105
Guatemala,GTM,2004,1062,91,102
Guatemala,GTM,2005,1021,87,97
Guatemala,GTM,2006,977,83,93
Guatemala,GTM,2007,933,79,89
Guatemala,GTM,2008,882,75,84
Guatemala,GTM,2009,849,72,81
Guatemala,GTM,2010,824,70,78
Guatemala,GTM,2011,806,68,76
Guatemala,GTM,2012,785,66,74
Guatemala,GTM,2013,698,58,65
Guatemala,GTM,2014,570,47,53
Guatemala,GTM,2015,421,35,39
Guinea,GIN,2000,2545,148,472
Guinea,GIN,2001,2538,148,471
Guinea,GIN,2002,2515,147,467
Guinea,GIN,2003,2487,146,465
Guinea,GIN,2004,2480,147,466
Guinea,GIN,2005,2476,147,469
Guinea,GIN,2006,2473,148,471
Guinea,GIN,2007,2465,148,470
Guinea,GIN,2008,2368,142,452
Guinea,GIN,2009,2382,143,454
Guinea,GIN,2010,2328,139,443
Guinea,GIN,2011,2280,136,432
Guinea,GIN,2012,2256,134,425
Guinea,GIN,2013,2264,133,424
Guinea,GIN,2014,2268,133,423
Guinea,GIN,2015,2246,132,418
Guinea-Bissau,GNB,2000,446,27,86
Guinea-Bissau,GNB,2001,461,28,89
Guinea-Bissau,GNB,2002,471,29,91
Guinea-Bissau,GNB,2003,478,29,92
Guinea-Bissau,GNB,2004,477,29,91
Guinea-Bissau,GNB,2005,469,28,89
Guinea-Bissau,GNB,2006,456,27,86
Guinea-Bissau,GNB,2007,439,26,82
Guinea-Bissau,GNB,2008,420,24,77
Guinea-Bissau,GNB,2009,402,23,73
Guinea-Bissau,GNB,2010,386,22,70
Guinea-Bissau,GNB,2011,371,21,67
Guinea-Bissau,GNB,2012,359,20,64
Guinea-Bissau,GNB,2013,350,20,62
Guinea-Bissau,GNB,2014,343,19,61
Guinea-Bissau,GNB,2015,320,18,56
Guyana,GUY,2000,21,1,2
Guyana,GUY,2001,19,4,4
Guyana,GUY,2002,26,3,3
Guyana,GUY,2003,18,3,4
Guyana,GUY,2004,21,3,4
Guyana,GUY,2005,17,3,4
Guyana,GUY,2006,17,2,2
Guyana,GUY,2007,15,3,3
Guyana,GUY,2008,12,3,3
Guyana,GUY,2009,13,5,6
Guyana,GUY,2010,12,1,1
Guyana,GUY,2011,10,3,3
Guyana,GUY,2012,8,2,2
Guyana,GUY,2013,7,2,2
Guyana,GUY,2014,7,2,2
Guyana,GUY,2015,5,1,1
Haiti,HTI,2000,1883,75,238
Haiti,HTI,2001,1806,72,229
Haiti,HTI,2002,1726,69,220
Haiti,HTI,2003,1648,67,212
Haiti,HTI,2004,1583,64,204
Haiti,HTI,2005,1542,63,200
Haiti,HTI,2006,1514,62,197
Haiti,HTI,2007,1492,61,195
Haiti,HTI,2008,1469,61,193
Haiti,HTI,2009,1442,60,191
Haiti,HTI,2010,5516,230,732
Haiti,HTI,2011,1376,57,182
Haiti,HTI,2012,1344,56,177
Haiti,HTI,2013,1297,151,169
Haiti,HTI,2014,1260,146,163
Haiti,HTI,2015,1217,140,157
Honduras,HND,2000,417,38,43
Honduras,HND,2001,388,37,42
Honduras,HND,2002,350,34,38
Honduras,HND,2003,320,31,34
Honduras,HND,2004,296,28,32
Honduras,HND,2005,280,28,31
Honduras,HND,2006,258,26,29
Honduras,HND,2007,239,24,27
Honduras,HND,2008,223,22,25
Honduras,HND,2009,209,21,24
Honduras,HND,2010,196,20,22
Honduras,HND,2011,137,13,14
Honduras,HND,2012,102,9,10
Honduras,HND,2013,86,8,9
Honduras,HND,2014,78,7,8
Honduras,HND,2015,53,5,5
Hungary,HUN,2000,23,3,4
Hungary,HUN,2001,16,6,6
Hungary,HUN,2002,10,3,4
Hungary,HUN,2003,16,3,3
Hungary,HUN,2004,13,5,6
Hungary,HUN,2005,16,6,7
Hungary,HUN,2006,10,4,5
Hungary,HUN,2007,15,3,4
Hungary,HUN,2008,8,3,4
Hungary,HUN,2009,8,3,3
Hungary,HUN,2010,9,2,3
Hungary,HUN,2011,7,1,2
Hungary,HUN,2012,6,1,1
Hungary,HUN,2013,4,2,2
Hungary,HUN,2014,4,1,1
Hungary,HUN,2015,3,1,1
Iceland,ISL,2000,0,0,0
Iceland,ISL,2001,0,0,0
Iceland,ISL,2002,0,0,0
Iceland,ISL,2003,0,0,0
Iceland,ISL,2004,0,0,0
Iceland,ISL,2005,0,0,0
Iceland,ISL,2006,0,0,0
Iceland,ISL,2007,0,0,0
Iceland,ISL,2008,0,0,0
Iceland,ISL,2009,0,0,0
Iceland,ISL,2010,0,0,0
Iceland,ISL,2011,0,0,0
Iceland,ISL,2012,0,0,0
Iceland,ISL,2013,0,0,0
Iceland,ISL,2014,0,0,0
Iceland,ISL,2015,0,0,0
India,IND,2000,135807,8753,20968
India,IND,2001,130030,9079,20069
India,IND,2002,124116,8629,19152
India,IND,2003,118216,8667,18239
India,IND,2004,112017,8397,17286
India,IND,2005,105898,7913,16352
India,IND,2006,100185,8588,15480
India,IND,2007,94169,8259,14564
India,IND,2008,88270,7731,13653
India,IND,2009,82173,7731,12701
India,IND,2010,76701,7195,11838
India,IND,2011,71503,8762,11016
India,IND,2012,65782,8012,10119
India,IND,2013,61383,8036,9432
India,IND,2014,56921,7421,8739
India,IND,2015,53296,7226,8179
Indonesia,IDN,2000,12608,1354,1521
Indonesia,IDN,2001,11924,1277,1434
Indonesia,IDN,2002,11400,1209,1358
Indonesia,IDN,2003,10833,1135,1275
Indonesia,IDN,2004,13236,1372,1541
Indonesia,IDN,2005,9752,1001,1124
Indonesia,IDN,2006,9263,942,1058
Indonesia,IDN,2007,8736,880,988
Indonesia,IDN,2008,8213,820,921
Indonesia,IDN,2009,7836,776,872
Indonesia,IDN,2010,7564,745,837
Indonesia,IDN,2011,7434,730,820
Indonesia,IDN,2012,7402,726,815
Indonesia,IDN,2013,7472,732,823
Indonesia,IDN,2014,7392,725,814
Indonesia,IDN,2015,7221,708,796
Iran,IRN,2000,1943,200,225
Iran,IRN,2001,1750,178,200
Iran,IRN,2002,1584,159,179
Iran,IRN,2003,1414,140,157
Iran,IRN,2004,1294,125,141
Iran,IRN,2005,1186,112,126
Iran,IRN,2006,1122,104,116
Iran,IRN,2007,1070,97,109
Iran,IRN,2008,1029,91,102
Iran,IRN,2009,995,87,97
Iran,IRN,2010,978,84,95
Iran,IRN,2011,944,81,91
Iran,IRN,2012,912,78,87
Iran,IRN,2013,885,76,85
Iran,IRN,2014,839,72,81
Iran,IRN,2015,790,68,76
Iraq,IRQ,2000,1648,151,170
Iraq,IRQ,2001,1638,151,169
Iraq,IRQ,2002,1622,151,170
Iraq,IRQ,2003,1610,152,171
Iraq,IRQ,2004,1601,151,170
Iraq,IRQ,2005,1604,150,168
Iraq,IRQ,2006,1605,148,166
Iraq,IRQ,2007,1628,148,166
Iraq,IRQ,2008,1662,149,168
Iraq,IRQ,2009,1692,150,168
Iraq,IRQ,2010,1707,148,167
Iraq,IRQ,2011,1697,144,162
Iraq,IRQ,2012,1705,142,159
Iraq,IRQ,2013,1708,140,157
Iraq,IRQ,2014,1672,136,152
Iraq,IRQ,2015,1669,134,151
Ireland,IRL,2000,5,7,8
Ireland,IRL,2001,6,4,4
Ireland,IRL,2002,1,4,5
Ireland,IRL,2003,5,4,5
Ireland,IRL,2004,2,4,5
Ireland,IRL,2005,5,5,5
Ireland,IRL,2006,4,2,2
Ireland,IRL,2007,0,4,4
Ireland,IRL,2008,1,3,4
Ireland,IRL,2009,1,2,2
Ireland,IRL,2010,4,1,2
Ireland,IRL,2011,1,1,1
Ireland,IRL,2012,1,1,1
Ireland,IRL,2013,1,1,1
Ireland,IRL,2014,0,0,1
Ireland,IRL,2015,0,0,0
Israel,ISR,2000,4,1,1
Israel,ISR,2001,5,4,4
Israel,ISR,2002,7,9,10
Israel,ISR,2003,2,7,8
Israel,ISR,2004,10,4,4
Israel,ISR,2005,9,3,3
Israel,ISR,2006,3,8,9
Israel,ISR,2007,5,3,3
Israel,ISR,2008,8,6,6
Israel,ISR,2009,5,5,5
Israel,ISR,2010,4,4,5
Israel,ISR,2011,3,4,4
Israel,ISR,2012,4,2,2
Israel,ISR,2013,3,3,3
Israel,ISR,2014,3,3,3
Israel,ISR,2015,2,2,2
Italy,ITA,2000,17,5,5
Italy,ITA,2001,18,6,6
Italy,ITA,2002,24,6,6
Italy,ITA,2003,11,9,10
Italy,ITA,2004,13,6,7
Italy,ITA,2005,14,6,7
Italy,ITA,2006,12,8,9
Italy,ITA,2007,10,7,8
Italy,ITA,2008,11,4,4
Italy,ITA,2009,6,5,6
Italy,ITA,2010,7,4,4
Italy,ITA,2011,8,2,2
Italy,ITA,2012,4,1,1
Italy,ITA,2013,3,1,1
Italy,ITA,2014,2,1,1
Italy,ITA,2015,2,1,1
Jamaica,JAM,2000,13,1,1
Jamaica,JAM,2001,12,1,1
Jamaica,JAM,2002,11,1,1
Jamaica,JAM,2003,11,1,1
Jamaica,JAM,2004,12,2,2
Jamaica,JAM,2005,13,2,2
Jamaica,JAM,2006,14,2,3
Jamaica,JAM,2007,15,2,3
Jamaica,JAM,2008,16,3,3
Jamaica,JAM,2009,15,2,3
Jamaica,JAM,2010,14,2,3
Jamaica,JAM,2011,13,2,2
Jamaica,JAM,2012,13,2,2
Jamaica,JAM,2013,12,2,2
Jamaica,JAM,2014,11,2,2
Jamaica,JAM,2015,11,2,2
Japan,JPN,2000,113,25,28
Japan,JPN,2001,89,23,26
Japan,JPN,2002,98,17,20
Japan,JPN,2003,99,21,23
Japan,JPN,2004,80,16,18
Japan,JPN,2005,88,17,20
Japan,JPN,2006,76,13,15
Japan,JPN,2007,80,17,19
Japan,JPN,2008,83,10,11
Japan,JPN,2009,63,13,15
Japan,JPN,2010,71,18,20
Japan,JPN,2011,69,8,9
Japan,JPN,2012,65,6,7
Japan,JPN,2013,60,7,7
Japan,JPN,2014,57,6,7
Japan,JPN,2015,46,5,6
Jordan,JOR,2000,126,8,9
Jordan,JOR,2001,125,12,14
Jordan,JOR,2002,127,15,16
Jordan,JOR,2003,121,14,16
Jordan,JOR,2004,116,13,15
Jordan,JOR,2005,114,13,15
Jordan,JOR,2006,113,13,15
Jordan,JOR,2007,113,13,15
Jordan,JOR,2008,112,13,15
Jordan,JOR,2009,113,13,15
Jordan,JOR,2010,112,13,14
Jordan,JOR,2011,112,12,14
Jordan,JOR,2012,112,12,14
Jordan,JOR,2013,110,12,13
Jordan,JOR,2014,108,11,13
Jordan,JOR,2015,104,11,12
Kazakhstan,KAZ,2000,499,46,52
Kazakhstan,KAZ,2001,470,42,48
Kazakhstan,KAZ,2002,461,41,46
Kazakhstan,KAZ,2003,455,39,44
Kazakhstan,KAZ,2004,450,38,43
Kazakhstan,KAZ,2005,449,38,42
Kazakhstan,KAZ,2006,444,37,42
Kazakhstan,KAZ,2007,435,36,41
Kazakhstan,KAZ,2008,424,35,40
Kazakhstan,KAZ,2009,405,34,38
Kazakhstan,KAZ,2010,388,33,37
Kazakhstan,KAZ,2011,363,30,34
Kazakhstan,KAZ,2012,285,23,26
Kazakhstan,KAZ,2013,233,19,21
Kazakhstan,KAZ,2014,200,16,18
Kazakhstan,KAZ,2015,163,13,15
Kenya,KEN,2000,6300,318,1013
Kenya,KEN,2001,6245,316,1004
Kenya,KEN,2002,6180,313,994
Kenya,KEN,2003,6061,306,973
Kenya,KEN,2004,5919,298,946
Kenya,KEN,2005,5595,280,891
Kenya,KEN,2006,5451,272,866
Kenya,KEN,2007,5393,269,855
Kenya,KEN,2008,5176,730,820
Kenya,KEN,2009,4954,696,782
Kenya,KEN,2010,4713,660,741
Kenya,KEN,2011,3168,418,469
Kenya,KEN,2012,2665,353,397
Kenya,KEN,2013,2430,338,379
Kenya,KEN,2014,2192,306,343
Kenya,KEN,2015,1548,208,234
Kiribati,KIR,2000,11,1,1
Kiribati,KIR,2001,10,1,1
Kiribati,KIR,2002,9,1,1
Kiribati,KIR,2003,8,1,1
Kiribati,KIR,2004,8,1,1
Kiribati,KIR,2005,8,1,1
Kiribati,KIR,2006,9,1,1
Kiribati,KIR,2007,10,1,1
Kiribati,KIR,2008,11,1,1
Kiribati,KIR,2009,12,1,1
Kiribati,KIR,2010,13,1,1
Kiribati,KIR,2011,13,1,1
Kiribati,KIR,2012,13,1,1
Kiribati,KIR,2013,9,1,1
Kiribati,KIR,2014,7,1,1
Kiribati,KIR,2015,4,0,0
Kuwait,KWT,2000,13,2,3
Kuwait,KWT,2001,12,5,5
Kuwait,KWT,2002,12,1,1
Kuwait,KWT,2003,10,4,4
Kuwait,KWT,2004,9,2,3
Kuwait,KWT,2005,9,4,4
Kuwait,KWT,2006,8,1,1
Kuwait,KWT,2007,14,2,2
Kuwait,KWT,2008,9,0,0
Kuwait,KWT,2009,12,2,3
Kuwait,KWT,2010,13,2,2
Kuwait,KWT,2011,16,4,4
Kuwait,KWT,2012,11,2,3
Kuwait,KWT,2013,10,2,2
Kuwait,KWT,2014,10,2,2
Kuwait,KWT,2015,9,2,2
Kyrgyzstan,KGZ,2000,291,43,49
Kyrgyzstan,KGZ,2001,267,39,44
Kyrgyzstan,KGZ,2002,246,36,40
Kyrgyzstan,KGZ,2003,225,32,36
Kyrgyzstan,KGZ,2004,209,30,33
Kyrgyzstan,KGZ,2005,199,28,31
Kyrgyzstan,KGZ,2006,195,27,30
Kyrgyzstan,KGZ,2007,193,27,30
Kyrgyzstan,KGZ,2008,190,26,29
Kyrgyzstan,KGZ,2009,191,26,29
Kyrgyzstan,KGZ,2010,189,25,29
Kyrgyzstan,KGZ,2011,188,25,28
Kyrgyzstan,KGZ,2012,185,24,27
Kyrgyzstan,KGZ,2013,181,24,27
Kyrgyzstan,KGZ,2014,175,23,26
Kyrgyzstan,KGZ,2015,164,21,24
Laos,LAO,2000,1206,55,176
Laos,LAO,2001,1160,53,167
Laos,LAO,2002,1118,50,159
Laos,LAO,2003,1083,48,151
Laos,LAO,2004,1051,45,145
Laos,LAO,2005,1023,44,138
Laos,LAO,2006,1000,42,134
Laos,LAO,2007,976,41,129
Laos,LAO,2008,955,39,125
Laos,LAO,2009,928,38,121
Laos,LAO,2010,901,37,117
Laos,LAO,2011,874,35,112
Laos,LAO,2012,835,95,107
Laos,LAO,2013,790,89,100
Laos,LAO,2014,502,53,59
Laos,LAO,2015,403,44,49
Latvia,LVA,2000,3,1,2
Latvia,LVA,2001,4,2,2
Latvia,LVA,2002,2,0,0
Latvia,LVA,2003,2,2,2
Latvia,LVA,2004,2,1,1
Latvia,LVA,2005,4,1,1
Latvia,LVA,2006,2,1,1
Latvia,LVA,2007,3,0,1
Latvia,LVA,2008,0,1,1
Latvia,LVA,2009,1,1,1
Latvia,LVA,2010,2,0,0
Latvia,LVA,2011,1,1,1
Latvia,LVA,2012,1,0,0
Latvia,LVA,2013,1,0,0
Latvia,LVA,2014,1,0,0
Latvia,LVA,2015,0,0,0
Lebanon,LBN,2000,32,2,3
Lebanon,LBN,2001,29,2,2
Lebanon,LBN,2002,27,2,2
Lebanon,LBN,2003,27,3,3
Lebanon,LBN,2004,25,3,3
Lebanon,LBN,2005,22,3,3
Lebanon,LBN,2006,19,2,2
Lebanon,LBN,2007,16,2,2
Lebanon,LBN,2008,13,2,2
Lebanon,LBN,2009,11,1,2
Lebanon,LBN,2010,11,1,1
Lebanon,LBN,2011,11,1,2
Lebanon,LBN,2012,12,1,2
Lebanon,LBN,2013,14,2,2
Lebanon,LBN,2014,15,2,2
Lebanon,LBN,2015,15,2,2
Lesotho,LSO,2000,309,15,49
Lesotho,LSO,2001,317,16,50
Lesotho,LSO,2002,321,16,50
Lesotho,LSO,2003,322,16,50
Lesotho,LSO,2004,320,16,51
Lesotho,LSO,2005,320,16,51
Lesotho,LSO,2006,322,16,52
Lesotho,LSO,2007,323,16,52
Lesotho,LSO,2008,326,16,52
Lesotho,LSO,2009,325,16,52
Lesotho,LSO,2010,325,16,51
Lesotho,LSO,2011,326,16,51
Lesotho,LSO,2012,331,16,51
Lesotho,LSO,2013,334,16,50
Lesotho,LSO,2014,334,16,50
Lesotho,LSO,2015,296,14,43
Liberia,LBR,2000,842,79,252
Liberia,LBR,2001,838,78,249
Liberia,LBR,2002,812,75,240
Liberia,LBR,2003,776,73,231
Liberia,LBR,2004,749,68,217
Liberia,LBR,2005,740,65,207
Liberia,LBR,2006,736,62,198
Liberia,LBR,2007,740,60,191
Liberia,LBR,2008,746,59,187
Liberia,LBR,2009,743,57,180
Liberia,LBR,2010,726,54,171
Liberia,LBR,2011,701,51,162
Liberia,LBR,2012,677,48,154
Liberia,LBR,2013,646,46,146
Liberia,LBR,2014,520,101,113
Liberia,LBR,2015,452,87,97
Libya,LBY,2000,104,12,14
Libya,LBY,2001,99,12,13
Libya,LBY,2002,95,11,13
Libya,LBY,2003,89,11,12
Libya,LBY,2004,83,10,11
Libya,LBY,2005,77,9,10
Libya,LBY,2006,72,9,10
Libya,LBY,2007,72,12,13
Libya,LBY,2008,73,13,14
Libya,LBY,2009,68,11,13
Libya,LBY,2010,64,11,12
Libya,LBY,2011,62,10,11
Libya,LBY,2012,57,9,10
Libya,LBY,2013,52,8,9
Libya,LBY,2014,43,7,7
Libya,LBY,2015,38,6,7
Lithuania,LTU,2000,10,2,3
Lithuania,LTU,2001,7,3,3
Lithuania,LTU,2002,10,3,3
Lithuania,LTU,2003,7,3,3
Lithuania,LTU,2004,8,1,1
Lithuania,LTU,2005,9,2,2
Lithuania,LTU,2006,7,2,3
Lithuania,LTU,2007,4,2,2
Lithuania,LTU,2008,4,1,2
Lithuania,LTU,2009,8,1,1
Lithuania,LTU,2010,2,3,3
Lithuania,LTU,2011,1,2,2
Lithuania,LTU,2012,5,2,2
Lithuania,LTU,2013,3,2,2
Lithuania,LTU,2014,3,2,2
Lithuania,LTU,2015,3,2,2
Luxembourg,LUX,2000,0,1,1
Luxembourg,LUX,2001,0,0,0
Luxembourg,LUX,2002,0,0,0
Luxembourg,LUX,2003,0,0,0
Luxembourg,LUX,2004,0,0,0
Luxembourg,LUX,2005,0,0,0
Luxembourg,LUX,2006,0,0,0
Luxembourg,LUX,2007,0,0,0
Luxembourg,LUX,2008,0,0,0
Luxembourg,LUX,2009,0,0,0
Luxembourg,LUX,2010,0,0,0
Luxembourg,LUX,2011,0,0,0
Luxembourg,LUX,2012,0,0,0
Luxembourg,LUX,2013,0,0,0
Luxembourg,LUX,2014,0,0,0
Luxembourg,LUX,2015,0,0,0
Madagascar,MDG,2000,4461,252,801
Madagascar,MDG,2001,4297,244,775
Madagascar,MDG,2002,4100,234,745
Madagascar,MDG,2003,3892,223,711
Madagascar,MDG,2004,3675,211,671
Madagascar,MDG,2005,3494,199,634
Madagascar,MDG,2006,3312,187,595
Madagascar,MDG,2007,3167,502,563
Madagascar,MDG,2008,3049,479,538
Madagascar,MDG,2009,2964,465,523
Madagascar,MDG,2010,2875,452,508
Madagascar,MDG,2011,2813,444,499
Madagascar,MDG,2012,2754,437,491
Madagascar,MDG,2013,1945,293,329
Madagascar,MDG,2014,1725,261,294
Madagascar,MDG,2015,1590,251,282
Malawi,MWI,2000,4149,298,948
Malawi,MWI,2001,3921,283,899
Malawi,MWI,2002,3606,260,828
Malawi,MWI,2003,3291,238,759
Malawi,MWI,2004,3036,221,703
Malawi,MWI,2005,2835,208,660
Malawi,MWI,2006,2759,203,646
Malawi,MWI,2007,2651,196,624
Malawi,MWI,2008,2569,191,608
Malawi,MWI,2009,2552,191,606
Malawi,MWI,2010,2430,182,578
Malawi,MWI,2011,2508,187,596
Malawi,MWI,2012,1556,107,339
Malawi,MWI,2013,1327,258,289
Malawi,MWI,2014,1177,240,270
Malawi,MWI,2015,1076,219,246
Malaysia,MYS,2000,141,35,39
Malaysia,MYS,2001,122,30,34
Malaysia,MYS,2002,110,27,31
Malaysia,MYS,2003,99,25,28
Malaysia,MYS,2004,99,35,40
Malaysia,MYS,2005,97,36,40
Malaysia,MYS,2006,89,33,37
Malaysia,MYS,2007,80,30,33
Malaysia,MYS,2008,74,28,31
Malaysia,MYS,2009,76,28,31
Malaysia,MYS,2010,75,28,31
Malaysia,MYS,2011,76,28,31
Malaysia,MYS,2012,75,27,30
Malaysia,MYS,2013,73,26,29
Malaysia,MYS,2014,70,25,28
Malaysia,MYS,2015,69,24,27
Maldives,MDV,2000,12,1,1
Maldives,MDV,2001,9,1,1
Maldives,MDV,2002,7,1,1
Maldives,MDV,2003,6,0,1
Maldives,MDV,2004,5,0,0
Maldives,MDV,2005,4,0,0
Maldives,MDV,2006,4,0,0
Maldives,MDV,2007,3,0,0
Maldives,MDV,2008,3,0,0
Maldives,MDV,2009,3,0,0
Maldives,MDV,2010,2,0,0
Maldives,MDV,2011,2,0,0
Maldives,MDV,2012,2,0,0
Maldives,MDV,2013,2,0,0
Maldives,MDV,2014,2,0,0
Maldives,MDV,2015,2,0,0
Mali,MLI,2000,5390,313,996
Mali,MLI,2001,5389,310,987
Mali,MLI,2002,5294,303,963
Mali,MLI,2003,5040,287,912
Mali,MLI,2004,4922,279,888
Mali,MLI,2005,4900,277,880
Mali,MLI,2006,5019,281,895
Mali,MLI,2007,5314,295,940
Mali,MLI,2008,5316,293,932
Mali,MLI,2009,5468,300,953
Mali,MLI,2010,5360,293,932
Mali,MLI,2011,4115,217,690
Mali,MLI,2012,3274,171,545
Mali,MLI,2013,2819,151,480
Mali,MLI,2014,2463,133,423
Mali,MLI,2015,2597,144,459
Malta,MLT,2000,0,1,1
Malta,MLT,2001,0,0,0
Malta,MLT,2002,0,0,0
Malta,MLT,2003,0,0,0
Malta,MLT,2004,0,0,0
Malta,MLT,2005,0,0,0
Malta,MLT,2006,0,0,0
Malta,MLT,2007,0,0,0
Malta,MLT,2008,0,0,0
Malta,MLT,2009,0,0,0
Malta,MLT,2010,0,0,1
Malta,MLT,2011,0,0,0
Malta,MLT,2012,0,0,0
Malta,MLT,2013,0,0,0
Malta,MLT,2014,0,0,0
Malta,MLT,2015,0,0,0
Marshall Islands,MHL,2000,5,0,0
Marshall Islands,MHL,2001,5,0,0
Marshall Islands,MHL,2002,5,0,0
Marshall Islands,MHL,2003,4,0,0
Marshall Islands,MHL,2004,4,0,0
Marshall Islands,MHL,2005,4,0,0
Marshall Islands,MHL,2006,4,0,0
Marshall Islands,MHL,2007,4,0,0
Marshall Islands,MHL,2008,4,0,0
Marshall Islands,MHL,2009,3,0,0
Marshall Islands,MHL,2010,3,0,0
Marshall Islands,MHL,2011,3,0,0
Marshall Islands,MHL,2012,2,0,0
Marshall Islands,MHL,2013,3,0,0
Marshall Islands,MHL,2014,3,0,0
Marshall Islands,MHL,2015,1,0,0
Mauritania,MRT,2000,631,30,94
Mauritania,MRT,2001,655,31,98
Mauritania,MRT,2002,679,32,102
Mauritania,MRT,2003,698,33,105
Mauritania,MRT,2004,711,33,106
Mauritania,MRT,2005,719,33,106
Mauritania,MRT,2006,723,33,107
Mauritania,MRT,2007,724,33,106
Mauritania,MRT,2008,720,33,106
Mauritania,MRT,2009,712,33,105
Mauritania,MRT,2010,707,33,105
Mauritania,MRT,2011,704,33,104
Mauritania,MRT,2012,693,32,102
Mauritania,MRT,2013,682,31,100
Mauritania,MRT,2014,494,21,68
Mauritania,MRT,2015,427,18,58
Mauritius,MUS,2000,4,2,3
Mauritius,MUS,2001,6,2,3
Mauritius,MUS,2002,4,1,1
Mauritius,MUS,2003,7,1,2
Mauritius,MUS,2004,7,2,2
Mauritius,MUS,2005,5,2,2
Mauritius,MUS,2006,6,5,6
Mauritius,MUS,2007,8,1,1
Mauritius,MUS,2008,8,3,3
Mauritius,MUS,2009,6,2,2
Mauritius,MUS,2010,6,2,2
Mauritius,MUS,2011,6,1,2
Mauritius,MUS,2012,7,0,0
Mauritius,MUS,2013,8,1,1
Mauritius,MUS,2014,6,1,1
Mauritius,MUS,2015,6,1,1
Mexico,MEX,2000,3758,499,561
Mexico,MEX,2001,3428,402,451
Mexico,MEX,2002,3486,356,400
Mexico,MEX,2003,2933,361,405
Mexico,MEX,2004,2953,333,374
Mexico,MEX,2005,2557,279,313
Mexico,MEX,2006,2428,301,338
Mexico,MEX,2007,2217,289,324
Mexico,MEX,2008,2065,267,300
Mexico,MEX,2009,1859,184,207
Mexico,MEX,2010,1180,146,164
Mexico,MEX,2011,867,106,119
Mexico,MEX,2012,652,77,87
Mexico,MEX,2013,651,77,87
Mexico,MEX,2014,611,72,81
Mexico,MEX,2015,583,69,77
Micronesia (country),FSM,2000,9,1,1
Micronesia (country),FSM,2001,9,0,1
Micronesia (country),FSM,2002,8,0,1
Micronesia (country),FSM,2003,8,0,1
Micronesia (country),FSM,2004,7,0,0
Micronesia (country),FSM,2005,7,0,0
Micronesia (country),FSM,2006,7,0,0
Micronesia (country),FSM,2007,6,0,0
Micronesia (country),FSM,2008,6,0,0
Micronesia (country),FSM,2009,6,0,0
Micronesia (country),FSM,2010,3,0,0
Micronesia (country),FSM,2011,3,0,0
Micronesia (country),FSM,2012,3,0,0
Micronesia (country),FSM,2013,3,0,0
Micronesia (country),FSM,2014,3,0,0
Micronesia (country),FSM,2015,1,0,0
Moldova,MDA,2000,60,3,4
Moldova,MDA,2001,49,1,1
Moldova,MDA,2002,36,2,2
Moldova,MDA,2003,33,1,2
Moldova,MDA,2004,24,1,2
Moldova,MDA,2005,22,2,2
Moldova,MDA,2006,24,0,1
Moldova,MDA,2007,18,1,1
Moldova,MDA,2008,19,1,1
Moldova,MDA,2009,20,2,2
Moldova,MDA,2010,20,2,2
Moldova,MDA,2011,20,3,3
Moldova,MDA,2012,18,2,2
Moldova,MDA,2013,19,1,1
Moldova,MDA,2014,17,2,2
Moldova,MDA,2015,12,1,1
Monaco,MCO,2000,0,0,0
Monaco,MCO,2001,0,0,0
Monaco,MCO,2002,0,0,0
Monaco,MCO,2003,0,0,0
Monaco,MCO,2004,0,0,0
Monaco,MCO,2005,0,0,0
Monaco,MCO,2006,0,0,0
Monaco,MCO,2007,0,0,0
Monaco,MCO,2008,0,0,0
Monaco,MCO,2009,0,0,0
Monaco,MCO,2010,0,0,0
Monaco,MCO,2011,0,0,0
Monaco,MCO,2012,0,0,0
Monaco,MCO,2013,0,0,0
Monaco,MCO,2014,0,0,0
Monaco,MCO,2015,0,0,0
Mongolia,MNG,2000,179,22,25
Mongolia,MNG,2001,160,20,22
Mongolia,MNG,2002,142,17,19
Mongolia,MNG,2003,129,15,17
Mongolia,MNG,2004,118,14,15
Mongolia,MNG,2005,110,13,14
Mongolia,MNG,2006,104,12,13
Mongolia,MNG,2007,101,11,13
Mongolia,MNG,2008,99,11,12
Mongolia,MNG,2009,98,11,13
Mongolia,MNG,2010,96,11,13
Mongolia,MNG,2011,94,11,13
Mongolia,MNG,2012,92,12,13
Mongolia,MNG,2013,88,12,14
Mongolia,MNG,2014,85,12,14
Mongolia,MNG,2015,81,12,14
Montenegro,MNE,2000,0,0,0
Montenegro,MNE,2001,0,0,0
Montenegro,MNE,2002,0,0,0
Montenegro,MNE,2003,0,0,0
Montenegro,MNE,2004,0,0,0
Montenegro,MNE,2005,1,0,0
Montenegro,MNE,2006,1,0,0
Montenegro,MNE,2007,1,0,0
Montenegro,MNE,2008,1,0,0
Montenegro,MNE,2009,0,0,0
Montenegro,MNE,2010,0,0,0
Montenegro,MNE,2011,0,0,0
Montenegro,MNE,2012,0,0,0
Montenegro,MNE,2013,0,0,0
Montenegro,MNE,2014,0,0,0
Montenegro,MNE,2015,0,0,0
Morocco,MAR,2000,1477,169,189
Morocco,MAR,2001,1356,153,172
Morocco,MAR,2002,1249,140,157
Morocco,MAR,2003,1164,129,145
Morocco,MAR,2004,1095,121,135
Morocco,MAR,2005,1035,114,127
Morocco,MAR,2006,981,107,120
Morocco,MAR,2007,940,103,116
Morocco,MAR,2008,902,99,111
Morocco,MAR,2009,885,97,109
Morocco,MAR,2010,862,95,107
Morocco,MAR,2011,805,88,99
Morocco,MAR,2012,609,64,72
Morocco,MAR,2013,515,54,61
Morocco,MAR,2014,340,35,39
Morocco,MAR,2015,268,28,31
Mozambique,MOZ,2000,5040,388,1233
Mozambique,MOZ,2001,4979,378,1203
Mozambique,MOZ,2002,4986,373,1187
Mozambique,MOZ,2003,5027,370,1178
Mozambique,MOZ,2004,5124,372,1183
Mozambique,MOZ,2005,5231,375,1193
Mozambique,MOZ,2006,5287,375,1193
Mozambique,MOZ,2007,5277,370,1177
Mozambique,MOZ,2008,5207,360,1145
Mozambique,MOZ,2009,5082,344,1095
Mozambique,MOZ,2010,4967,329,1046
Mozambique,MOZ,2011,4844,313,996
Mozambique,MOZ,2012,4722,299,950
Mozambique,MOZ,2013,3927,239,759
Mozambique,MOZ,2014,3190,188,598
Mozambique,MOZ,2015,2793,165,526
Myanmar,MMR,2000,4718,303,964
Myanmar,MMR,2001,4648,291,924
Myanmar,MMR,2002,4563,278,884
Myanmar,MMR,2003,4436,263,837
Myanmar,MMR,2004,4265,697,783
Myanmar,MMR,2005,4075,647,727
Myanmar,MMR,2006,3862,597,670
Myanmar,MMR,2007,3619,547,615
Myanmar,MMR,2008,6132,323,1028
Myanmar,MMR,2009,3151,465,522
Myanmar,MMR,2010,2949,430,483
Myanmar,MMR,2011,2729,393,441
Myanmar,MMR,2012,2553,363,407
Myanmar,MMR,2013,2419,341,382
Myanmar,MMR,2014,2304,322,362
Myanmar,MMR,2015,2189,304,342
Namibia,NAM,2000,191,7,23
Namibia,NAM,2001,191,7,22
Namibia,NAM,2002,191,7,22
Namibia,NAM,2003,190,7,22
Namibia,NAM,2004,190,19,22
Namibia,NAM,2005,191,19,21
Namibia,NAM,2006,190,19,21
Namibia,NAM,2007,189,19,21
Namibia,NAM,2008,190,19,21
Namibia,NAM,2009,191,19,21
Namibia,NAM,2010,194,19,21
Namibia,NAM,2011,197,19,22
Namibia,NAM,2012,201,20,22
Namibia,NAM,2013,204,20,22
Namibia,NAM,2014,206,20,22
Namibia,NAM,2015,143,13,15
Nauru,NRU,2000,0,0,0
Nauru,NRU,2001,0,0,0
Nauru,NRU,2002,0,0,0
Nauru,NRU,2003,0,0,0
Nauru,NRU,2004,0,0,0
Nauru,NRU,2005,0,0,0
Nauru,NRU,2006,0,0,0
Nauru,NRU,2007,0,0,0
Nauru,NRU,2008,0,0,0
Nauru,NRU,2009,0,0,0
Nauru,NRU,2010,0,0,0
Nauru,NRU,2011,0,0,0
Nauru,NRU,2012,0,0,0
Nauru,NRU,2013,0,0,0
Nauru,NRU,2014,0,0,0
Nauru,NRU,2015,0,0,0
Nepal,NPL,2000,3031,154,490
Nepal,NPL,2001,2835,144,457
Nepal,NPL,2002,2607,373,419
Nepal,NPL,2003,2390,342,384
Nepal,NPL,2004,2171,310,349
Nepal,NPL,2005,1984,283,318
Nepal,NPL,2006,1802,257,289
Nepal,NPL,2007,1653,235,264
Nepal,NPL,2008,1509,213,240
Nepal,NPL,2009,1390,195,220
Nepal,NPL,2010,1261,176,198
Nepal,NPL,2011,1153,160,180
Nepal,NPL,2012,1032,142,160
Nepal,NPL,2013,941,129,145
Nepal,NPL,2014,869,119,134
Nepal,NPL,2015,691,92,104
Netherlands,NLD,2000,9,11,12
Netherlands,NLD,2001,11,11,12
Netherlands,NLD,2002,8,11,12
Netherlands,NLD,2003,8,10,11
Netherlands,NLD,2004,8,4,4
Netherlands,NLD,2005,10,8,9
Netherlands,NLD,2006,7,3,4
Netherlands,NLD,2007,6,5,6
Netherlands,NLD,2008,6,4,4
Netherlands,NLD,2009,5,4,4
Netherlands,NLD,2010,4,3,3
Netherlands,NLD,2011,3,2,3
Netherlands,NLD,2012,3,1,1
Netherlands,NLD,2013,2,0,0
Netherlands,NLD,2014,2,1,1
Netherlands,NLD,2015,2,1,1
New Zealand,NZL,2000,9,7,8
New Zealand,NZL,2001,4,9,10
New Zealand,NZL,2002,5,7,8
New Zealand,NZL,2003,4,5,6
New Zealand,NZL,2004,13,5,6
New Zealand,NZL,2005,8,6,7
New Zealand,NZL,2006,10,1,1
New Zealand,NZL,2007,10,4,4
New Zealand,NZL,2008,8,5,6
New Zealand,NZL,2009,6,1,1
New Zealand,NZL,2010,5,2,3
New Zealand,NZL,2011,4,4,4
New Zealand,NZL,2012,3,2,2
New Zealand,NZL,2013,2,1,1
New Zealand,NZL,2014,2,1,1
New Zealand,NZL,2015,2,1,1
Nicaragua,NIC,2000,351,33,37
Nicaragua,NIC,2001,329,31,35
Nicaragua,NIC,2002,300,28,32
Nicaragua,NIC,2003,273,26,29
Nicaragua,NIC,2004,260,26,29
Nicaragua,NIC,2005,246,25,28
Nicaragua,NIC,2006,239,24,27
Nicaragua,NIC,2007,233,23,26
Nicaragua,NIC,2008,228,23,26
Nicaragua,NIC,2009,220,22,24
Nicaragua,NIC,2010,210,21,23
Nicaragua,NIC,2011,162,15,17
Nicaragua,NIC,2012,113,10,11
Nicaragua,NIC,2013,91,8,9
Nicaragua,NIC,2014,78,7,8
Nicaragua,NIC,2015,57,5,5
Niger,NER,2000,8155,532,1693
Niger,NER,2001,8344,548,1742
Niger,NER,2002,8355,552,1757
Niger,NER,2003,8250,549,1747
Niger,NER,2004,8081,543,1726
Niger,NER,2005,7884,532,1693
Niger,NER,2006,7689,521,1657
Niger,NER,2007,7680,520,1654
Niger,NER,2008,7083,478,1519
Niger,NER,2009,6775,455,1447
Niger,NER,2010,6777,453,1440
Niger,NER,2011,6643,442,1406
Niger,NER,2012,6570,436,1386
Niger,NER,2013,6409,424,1349
Niger,NER,2014,6141,403,1282
Niger,NER,2015,4571,286,911
Nigeria,NGA,2000,42934,1982,6305
Nigeria,NGA,2001,43717,2002,6368
Nigeria,NGA,2002,44229,1998,6355
Nigeria,NGA,2003,43777,1936,6158
Nigeria,NGA,2004,44065,1900,6043
Nigeria,NGA,2005,44093,1861,5919
Nigeria,NGA,2006,45173,1867,5938
Nigeria,NGA,2007,45444,1845,5869
Nigeria,NGA,2008,45148,1808,5752
Nigeria,NGA,2009,45719,1805,5743
Nigeria,NGA,2010,46948,1825,5804
Nigeria,NGA,2011,47046,1804,5737
Nigeria,NGA,2012,46006,1744,5546
Nigeria,NGA,2013,46045,1735,5518
Nigeria,NGA,2014,45213,1699,5404
Nigeria,NGA,2015,42386,1580,5025
Niue,NIU,2000,0,0,0
Niue,NIU,2001,0,0,0
Niue,NIU,2002,0,0,0
Niue,NIU,2003,0,0,0
Niue,NIU,2004,0,0,0
Niue,NIU,2005,0,0,0
Niue,NIU,2006,0,0,0
Niue,NIU,2007,0,0,0
Niue,NIU,2008,0,0,0
Niue,NIU,2009,0,0,0
Niue,NIU,2010,0,0,0
Niue,NIU,2011,0,0,0
Niue,NIU,2012,0,0,0
Niue,NIU,2013,0,0,0
Niue,NIU,2014,0,0,0
Niue,NIU,2015,0,0,0
North Korea,PRK,2000,1380,276,310
North Korea,PRK,2001,1126,225,253
North Korea,PRK,2002,917,181,204
North Korea,PRK,2003,762,148,166
North Korea,PRK,2004,659,125,140
North Korea,PRK,2005,613,114,128
North Korea,PRK,2006,598,109,122
North Korea,PRK,2007,593,106,119
North Korea,PRK,2008,574,101,114
North Korea,PRK,2009,557,97,109
North Korea,PRK,2010,536,92,104
North Korea,PRK,2011,517,88,99
North Korea,PRK,2012,498,84,94
North Korea,PRK,2013,487,81,91
North Korea,PRK,2014,475,78,88
North Korea,PRK,2015,458,75,84
North Macedonia,MKD,2000,11,1,1
North Macedonia,MKD,2001,12,1,1
North Macedonia,MKD,2002,10,1,1
North Macedonia,MKD,2003,9,1,1
North Macedonia,MKD,2004,9,1,1
North Macedonia,MKD,2005,8,0,0
North Macedonia,MKD,2006,7,1,1
North Macedonia,MKD,2007,6,2,2
North Macedonia,MKD,2008,3,1,1
North Macedonia,MKD,2009,7,1,1
North Macedonia,MKD,2010,6,2,2
North Macedonia,MKD,2011,4,1,1
North Macedonia,MKD,2012,4,1,1
North Macedonia,MKD,2013,4,1,1
North Macedonia,MKD,2014,4,1,1
North Macedonia,MKD,2015,3,1,1
Norway,NOR,2000,3,5,5
Norway,NOR,2001,2,0,0
Norway,NOR,2002,2,1,1
Norway,NOR,2003,2,2,2
Norway,NOR,2004,1,1,1
Norway,NOR,2005,2,0,0
Norway,NOR,2006,0,2,2
Norway,NOR,2007,5,1,1
Norway,NOR,2008,1,0,0
Norway,NOR,2009,3,1,1
Norway,NOR,2010,1,0,0
Norway,NOR,2011,1,1,1
Norway,NOR,2012,1,0,0
Norway,NOR,2013,0,0,0
Norway,NOR,2014,0,0,0
Norway,NOR,2015,0,0,0
Oman,OMN,2000,33,3,4
Oman,OMN,2001,29,3,3
Oman,OMN,2002,28,4,5
Oman,OMN,2003,26,4,4
Oman,OMN,2004,24,4,4
Oman,OMN,2005,23,3,4
Oman,OMN,2006,22,3,3
Oman,OMN,2007,22,3,4
Oman,OMN,2008,22,3,4
Oman,OMN,2009,19,3,3
Oman,OMN,2010,16,3,3
Oman,OMN,2011,13,2,2
Oman,OMN,2012,12,2,2
Oman,OMN,2013,10,2,2
Oman,OMN,2014,10,2,2
Oman,OMN,2015,10,2,2
Pakistan,PAK,2000,23715,1048,3333
Pakistan,PAK,2001,23339,1027,3267
Pakistan,PAK,2002,22769,995,3165
Pakistan,PAK,2003,22329,967,3075
Pakistan,PAK,2004,22049,946,3008
Pakistan,PAK,2005,22061,937,2981
Pakistan,PAK,2006,22049,928,2951
Pakistan,PAK,2007,22201,925,2941
Pakistan,PAK,2008,22404,925,2943
Pakistan,PAK,2009,22641,927,2950
Pakistan,PAK,2010,22655,922,2931
Pakistan,PAK,2011,22691,917,2915
Pakistan,PAK,2012,22356,897,2855
Pakistan,PAK,2013,15577,590,1877
Pakistan,PAK,2014,13020,507,1614
Pakistan,PAK,2015,12361,492,1565
Palau,PLW,2000,0,0,0
Palau,PLW,2001,0,0,0
Palau,PLW,2002,0,0,0
Palau,PLW,2003,0,0,0
Palau,PLW,2004,0,0,0
Palau,PLW,2005,0,0,0
Palau,PLW,2006,0,0,0
Palau,PLW,2007,0,0,0
Palau,PLW,2008,0,0,0
Palau,PLW,2009,0,0,0
Palau,PLW,2010,0,0,0
Palau,PLW,2011,0,0,0
Palau,PLW,2012,0,0,0
Palau,PLW,2013,0,0,0
Palau,PLW,2014,0,0,0
Palau,PLW,2015,0,0,0
Panama,PAN,2000,38,7,7
Panama,PAN,2001,43,10,11
Panama,PAN,2002,40,9,10
Panama,PAN,2003,43,4,5
Panama,PAN,2004,45,9,10
Panama,PAN,2005,55,6,6
Panama,PAN,2006,53,7,8
Panama,PAN,2007,63,7,7
Panama,PAN,2008,68,4,5
Panama,PAN,2009,44,9,10
Panama,PAN,2010,73,8,9
Panama,PAN,2011,59,7,8
Panama,PAN,2012,45,4,5
Panama,PAN,2013,43,4,5
Panama,PAN,2014,28,3,3
Panama,PAN,2015,21,2,2
Papua New Guinea,PNG,2000,859,20,64
Papua New Guinea,PNG,2001,875,21,66
Papua New Guinea,PNG,2002,884,21,67
Papua New Guinea,PNG,2003,886,21,67
Papua New Guinea,PNG,2004,889,21,68
Papua New Guinea,PNG,2005,891,60,67
Papua New Guinea,PNG,2006,890,59,67
Papua New Guinea,PNG,2007,891,59,66
Papua New Guinea,PNG,2008,883,58,65
Papua New Guinea,PNG,2009,878,57,64
Papua New Guinea,PNG,2010,864,55,62
Papua New Guinea,PNG,2011,849,54,60
Papua New Guinea,PNG,2012,832,52,58
Papua New Guinea,PNG,2013,817,51,57
Papua New Guinea,PNG,2014,794,49,55
Papua New Guinea,PNG,2015,671,43,48
Paraguay,PRY,2000,204,19,21
Paraguay,PRY,2001,195,18,20
Paraguay,PRY,2002,182,17,19
Paraguay,PRY,2003,188,30,34
Paraguay,PRY,2004,182,31,35
Paraguay,PRY,2005,172,30,34
Paraguay,PRY,2006,165,29,33
Paraguay,PRY,2007,158,28,31
Paraguay,PRY,2008,153,27,31
Paraguay,PRY,2009,146,26,29
Paraguay,PRY,2010,141,25,28
Paraguay,PRY,2011,134,24,26
Paraguay,PRY,2012,97,17,19
Paraguay,PRY,2013,76,13,15
Paraguay,PRY,2014,66,12,13
Paraguay,PRY,2015,59,11,12
Peru,PER,2000,1417,208,234
Peru,PER,2001,1227,174,195
Peru,PER,2002,1097,159,178
Peru,PER,2003,972,140,157
Peru,PER,2004,873,142,160
Peru,PER,2005,786,127,142
Peru,PER,2006,729,117,131
Peru,PER,2007,670,107,120
Peru,PER,2008,615,99,111
Peru,PER,2009,554,89,100
Peru,PER,2010,446,70,78
Peru,PER,2011,373,58,65
Peru,PER,2012,286,43,49
Peru,PER,2013,196,29,32
Peru,PER,2014,157,23,26
Peru,PER,2015,140,20,23
Philippines,PHL,2000,5040,546,613
Philippines,PHL,2001,4978,534,600
Philippines,PHL,2002,4899,521,585
Philippines,PHL,2003,4838,509,572
Philippines,PHL,2004,4753,495,555
Philippines,PHL,2005,4528,465,522
Philippines,PHL,2006,4482,454,511
Philippines,PHL,2007,4341,434,488
Philippines,PHL,2008,4193,415,466
Philippines,PHL,2009,4043,396,445
Philippines,PHL,2010,3917,382,429
Philippines,PHL,2011,3848,376,422
Philippines,PHL,2012,3771,370,415
Philippines,PHL,2013,3743,369,415
Philippines,PHL,2014,3096,300,337
Philippines,PHL,2015,3182,318,357
Poland,POL,2000,47,9,10
Poland,POL,2001,39,8,9
Poland,POL,2002,29,6,7
Poland,POL,2003,34,7,7
Poland,POL,2004,35,5,6
Poland,POL,2005,36,6,6
Poland,POL,2006,39,9,10
Poland,POL,2007,43,7,8
Poland,POL,2008,40,9,10
Poland,POL,2009,45,7,8
Poland,POL,2010,38,7,8
Poland,POL,2011,30,6,7
Poland,POL,2012,30,6,6
Poland,POL,2013,40,5,6
Poland,POL,2014,31,5,6
Poland,POL,2015,31,5,6
Portugal,PRT,2000,10,11,12
Portugal,PRT,2001,10,3,3
Portugal,PRT,2002,11,8,9
Portugal,PRT,2003,9,5,6
Portugal,PRT,2004,6,3,3
Portugal,PRT,2005,5,2,3
Portugal,PRT,2006,5,2,3
Portugal,PRT,2007,3,1,1
Portugal,PRT,2008,4,1,1
Portugal,PRT,2009,7,1,1
Portugal,PRT,2010,1,1,2
Portugal,PRT,2011,3,1,1
Portugal,PRT,2012,1,0,0
Portugal,PRT,2013,1,1,1
Portugal,PRT,2014,1,0,0
Portugal,PRT,2015,0,0,0
Qatar,QAT,2000,3,1,1
Qatar,QAT,2001,3,1,1
Qatar,QAT,2002,3,1,1
Qatar,QAT,2003,3,1,1
Qatar,QAT,2004,3,1,1
Qatar,QAT,2005,3,1,1
Qatar,QAT,2006,2,1,1
Qatar,QAT,2007,2,1,1
Qatar,QAT,2008,3,1,1
Qatar,QAT,2009,2,0,1
Qatar,QAT,2010,2,0,1
Qatar,QAT,2011,2,0,0
Qatar,QAT,2012,2,0,0
Qatar,QAT,2013,2,0,0
Qatar,QAT,2014,1,0,0
Qatar,QAT,2015,1,0,0
Romania,ROU,2000,587,37,42
Romania,ROU,2001,547,37,42
Romania,ROU,2002,486,39,43
Romania,ROU,2003,392,25,28
Romania,ROU,2004,383,18,20
Romania,ROU,2005,318,16,18
Romania,ROU,2006,280,15,16
Romania,ROU,2007,263,14,16
Romania,ROU,2008,257,9,10
Romania,ROU,2009,226,8,9
Romania,ROU,2010,222,10,11
Romania,ROU,2011,239,12,14
Romania,ROU,2012,214,6,7
Romania,ROU,2013,201,8,10
Romania,ROU,2014,183,8,9
Romania,ROU,2015,169,7,8
Russia,RUS,2000,1147,172,193
Russia,RUS,2001,1090,163,183
Russia,RUS,2002,997,149,167
Russia,RUS,2003,876,132,148
Russia,RUS,2004,790,120,134
Russia,RUS,2005,706,108,121
Russia,RUS,2006,632,97,109
Russia,RUS,2007,562,87,97
Russia,RUS,2008,509,78,88
Russia,RUS,2009,477,73,82
Russia,RUS,2010,452,68,77
Russia,RUS,2011,425,64,72
Russia,RUS,2012,392,71,79
Russia,RUS,2013,395,70,79
Russia,RUS,2014,382,67,75
Russia,RUS,2015,373,64,72
Rwanda,RWA,2000,3935,258,819
Rwanda,RWA,2001,4037,262,833
Rwanda,RWA,2002,3567,229,729
Rwanda,RWA,2003,3222,205,653
Rwanda,RWA,2004,2763,174,554
Rwanda,RWA,2005,2407,150,478
Rwanda,RWA,2006,2121,131,416
Rwanda,RWA,2007,1895,115,367
Rwanda,RWA,2008,1709,103,327
Rwanda,RWA,2009,1548,262,294
Rwanda,RWA,2010,1204,198,223
Rwanda,RWA,2011,880,141,158
Rwanda,RWA,2012,590,92,104
Rwanda,RWA,2013,457,73,82
Rwanda,RWA,2014,304,48,54
Rwanda,RWA,2015,244,39,44
Saint Kitts and Nevis,KNA,2000,0,0,0
Saint Kitts and Nevis,KNA,2001,0,0,0
Saint Kitts and Nevis,KNA,2002,0,0,0
Saint Kitts and Nevis,KNA,2003,0,0,0
Saint Kitts and Nevis,KNA,2004,0,0,0
Saint Kitts and Nevis,KNA,2005,0,0,0
Saint Kitts and Nevis,KNA,2006,0,0,0
Saint Kitts and Nevis,KNA,2007,0,0,0
Saint Kitts and Nevis,KNA,2008,0,0,0
Saint Kitts and Nevis,KNA,2009,0,0,0
Saint Kitts and Nevis,KNA,2010,0,0,0
Saint Kitts and Nevis,KNA,2011,0,0,0
Saint Kitts and Nevis,KNA,2012,0,0,0
Saint Kitts and Nevis,KNA,2013,0,0,0
Saint Kitts and Nevis,KNA,2014,0,0,0
Saint Kitts and Nevis,KNA,2015,0,0,0
Saint Lucia,LCA,2000,1,0,0
Saint Lucia,LCA,2001,1,0,0
Saint Lucia,LCA,2002,1,0,0
Saint Lucia,LCA,2003,1,0,0
Saint Lucia,LCA,2004,1,0,0
Saint Lucia,LCA,2005,1,0,0
Saint Lucia,LCA,2006,2,0,0
Saint Lucia,LCA,2007,1,0,0
Saint Lucia,LCA,2008,1,0,0
Saint Lucia,LCA,2009,1,0,0
Saint Lucia,LCA,2010,1,0,0
Saint Lucia,LCA,2011,1,0,0
Saint Lucia,LCA,2012,0,0,0
Saint Lucia,LCA,2013,0,0,0
Saint Lucia,LCA,2014,1,0,0
Saint Lucia,LCA,2015,1,0,0
Saint Vincent and the Grenadines,VCT,2000,1,0,0
Saint Vincent and the Grenadines,VCT,2001,1,0,0
Saint Vincent and the Grenadines,VCT,2002,0,0,0
Saint Vincent and the Grenadines,VCT,2003,0,0,0
Saint Vincent and the Grenadines,VCT,2004,0,0,0
Saint Vincent and the Grenadines,VCT,2005,0,0,0
Saint Vincent and the Grenadines,VCT,2006,0,0,0
Saint Vincent and the Grenadines,VCT,2007,0,0,0
Saint Vincent and the Grenadines,VCT,2008,0,0,0
Saint Vincent and the Grenadines,VCT,2009,0,0,0
Saint Vincent and the Grenadines,VCT,2010,0,0,0
Saint Vincent and the Grenadines,VCT,2011,1,0,0
Saint Vincent and the Grenadines,VCT,2012,1,0,0
Saint Vincent and the Grenadines,VCT,2013,1,0,0
Saint Vincent and the Grenadines,VCT,2014,1,0,0
Saint Vincent and the Grenadines,VCT,2015,1,0,0
Samoa,WSM,2000,4,0,0
Samoa,WSM,2001,4,0,0
Samoa,WSM,2002,3,0,0
Samoa,WSM,2003,3,0,0
Samoa,WSM,2004,3,0,0
Samoa,WSM,2005,3,0,0
Samoa,WSM,2006,2,0,0
Samoa,WSM,2007,2,0,0
Samoa,WSM,2008,2,0,0
Samoa,WSM,2009,3,0,0
Samoa,WSM,2010,3,1,1
Samoa,WSM,2011,3,1,1
Samoa,WSM,2012,3,1,1
Samoa,WSM,2013,3,0,1
Samoa,WSM,2014,3,0,1
Samoa,WSM,2015,2,0,0
San Marino,SMR,2000,0,0,0
San Marino,SMR,2001,0,0,0
San Marino,SMR,2002,0,0,0
San Marino,SMR,2003,0,0,0
San Marino,SMR,2004,0,0,0
San Marino,SMR,2005,0,0,0
San Marino,SMR,2006,0,0,0
San Marino,SMR,2007,0,0,0
San Marino,SMR,2008,0,0,0
San Marino,SMR,2009,0,0,0
San Marino,SMR,2010,0,0,0
San Marino,SMR,2011,0,0,0
San Marino,SMR,2012,0,0,0
San Marino,SMR,2013,0,0,0
San Marino,SMR,2014,0,0,0
San Marino,SMR,2015,0,0,0
Sao Tome and Principe,STP,2000,28,1,4
Sao Tome and Principe,STP,2001,28,1,4
Sao Tome and Principe,STP,2002,27,1,4
Sao Tome and Principe,STP,2003,26,1,4
Sao Tome and Principe,STP,2004,25,4,4
Sao Tome and Principe,STP,2005,24,3,4
Sao Tome and Principe,STP,2006,23,3,4
Sao Tome and Principe,STP,2007,22,3,4
Sao Tome and Principe,STP,2008,22,3,4
Sao Tome and Principe,STP,2009,20,3,3
Sao Tome and Principe,STP,2010,20,3,3
Sao Tome and Principe,STP,2011,20,3,3
Sao Tome and Principe,STP,2012,19,3,3
Sao Tome and Principe,STP,2013,12,2,2
Sao Tome and Principe,STP,2014,10,1,1
Sao Tome and Principe,STP,2015,8,1,1
Saudi Arabia,SAU,2000,407,46,52
Saudi Arabia,SAU,2001,375,43,48
Saudi Arabia,SAU,2002,380,64,72
Saudi Arabia,SAU,2003,365,62,70
Saudi Arabia,SAU,2004,341,59,66
Saudi Arabia,SAU,2005,325,56,63
Saudi Arabia,SAU,2006,309,54,60
Saudi Arabia,SAU,2007,303,54,60
Saudi Arabia,SAU,2008,287,52,58
Saudi Arabia,SAU,2009,236,44,49
Saudi Arabia,SAU,2010,182,35,39
Saudi Arabia,SAU,2011,135,27,31
Saudi Arabia,SAU,2012,119,25,28
Saudi Arabia,SAU,2013,89,19,21
Saudi Arabia,SAU,2014,78,17,19
Saudi Arabia,SAU,2015,73,16,18
Senegal,SEN,2000,2951,148,471
Senegal,SEN,2001,2988,150,476
Senegal,SEN,2002,2904,145,463
Senegal,SEN,2003,2799,140,447
Senegal,SEN,2004,2681,135,429
Senegal,SEN,2005,2548,129,410
Senegal,SEN,2006,2419,123,390
Senegal,SEN,2007,2276,116,367
Senegal,SEN,2008,2139,108,344
Senegal,SEN,2009,2009,287,323
Senegal,SEN,2010,1898,271,305
Senegal,SEN,2011,1798,257,289
Senegal,SEN,2012,1726,246,277
Senegal,SEN,2013,1684,240,269
Senegal,SEN,2014,1144,153,172
Senegal,SEN,2015,909,120,134
Serbia,SRB,2000,25,4,5
Serbia,SRB,2001,17,4,4
Serbia,SRB,2002,14,2,2
Serbia,SRB,2003,20,3,3
Serbia,SRB,2004,19,2,3
Serbia,SRB,2005,14,3,4
Serbia,SRB,2006,9,2,2
Serbia,SRB,2007,17,3,3
Serbia,SRB,2008,15,1,1
Serbia,SRB,2009,13,2,2
Serbia,SRB,2010,10,1,1
Serbia,SRB,2011,12,2,2
Serbia,SRB,2012,10,0,0
Serbia,SRB,2013,7,1,1
Serbia,SRB,2014,10,1,1
Serbia,SRB,2015,10,1,1
Seychelles,SYC,2000,0,0,0
Seychelles,SYC,2001,0,0,0
Seychelles,SYC,2002,0,0,0
Seychelles,SYC,2003,0,0,0
Seychelles,SYC,2004,0,0,0
Seychelles,SYC,2005,0,0,0
Seychelles,SYC,2006,0,0,0
Seychelles,SYC,2007,0,0,0
Seychelles,SYC,2008,0,0,0
Seychelles,SYC,2009,0,0,0
Seychelles,SYC,2010,0,0,0
Seychelles,SYC,2011,0,0,0
Seychelles,SYC,2012,0,0,0
Seychelles,SYC,2013,0,0,0
Seychelles,SYC,2014,0,0,0
Seychelles,SYC,2015,0,0,0
Sierra Leone,SLE,2000,1807,117,373
Sierra Leone,SLE,2001,1841,119,379
Sierra Leone,SLE,2002,1895,121,386
Sierra Leone,SLE,2003,1962,125,397
Sierra Leone,SLE,2004,2036,128,407
Sierra Leone,SLE,2005,2080,129,409
Sierra Leone,SLE,2006,2108,129,409
Sierra Leone,SLE,2007,2061,125,397
Sierra Leone,SLE,2008,1960,119,378
Sierra Leone,SLE,2009,1839,113,359
Sierra Leone,SLE,2010,1725,107,340
Sierra Leone,SLE,2011,1201,70,224
Sierra Leone,SLE,2012,937,53,169
Sierra Leone,SLE,2013,807,47,148
Sierra Leone,SLE,2014,796,46,147
Sierra Leone,SLE,2015,554,30,97
Singapore,SGP,2000,5,3,3
Singapore,SGP,2001,6,1,1
Singapore,SGP,2002,6,2,2
Singapore,SGP,2003,9,0,0
Singapore,SGP,2004,7,1,1
Singapore,SGP,2005,8,1,1
Singapore,SGP,2006,8,0,0
Singapore,SGP,2007,9,1,1
Singapore,SGP,2008,5,1,1
Singapore,SGP,2009,6,1,1
Singapore,SGP,2010,4,0,0
Singapore,SGP,2011,5,1,1
Singapore,SGP,2012,8,0,0
Singapore,SGP,2013,5,0,0
Singapore,SGP,2014,5,0,0
Singapore,SGP,2015,5,0,0
Slovakia,SVK,2000,22,3,3
Slovakia,SVK,2001,19,5,5
Slovakia,SVK,2002,19,2,2
Slovakia,SVK,2003,17,3,3
Slovakia,SVK,2004,18,2,2
Slovakia,SVK,2005,19,2,2
Slovakia,SVK,2006,16,2,2
Slovakia,SVK,2007,21,1,1
Slovakia,SVK,2008,21,3,4
Slovakia,SVK,2009,11,2,2
Slovakia,SVK,2010,8,1,1
Slovakia,SVK,2011,7,1,1
Slovakia,SVK,2012,6,1,1
Slovakia,SVK,2013,6,0,0
Slovakia,SVK,2014,5,1,1
Slovakia,SVK,2015,6,1,1
Slovenia,SVN,2000,0,0,0
Slovenia,SVN,2001,1,0,0
Slovenia,SVN,2002,1,1,1
Slovenia,SVN,2003,2,0,0
Slovenia,SVN,2004,0,0,0
Slovenia,SVN,2005,0,0,0
Slovenia,SVN,2006,0,0,0
Slovenia,SVN,2007,1,0,0
Slovenia,SVN,2008,0,0,0
Slovenia,SVN,2009,1,0,0
Slovenia,SVN,2010,1,0,0
Slovenia,SVN,2011,1,0,0
Slovenia,SVN,2012,1,0,0
Slovenia,SVN,2013,1,0,0
Slovenia,SVN,2014,0,0,0
Slovenia,SVN,2015,0,0,0
Solomon Islands,SLB,2000,22,2,2
Solomon Islands,SLB,2001,23,2,2
Solomon Islands,SLB,2002,24,2,2
Solomon Islands,SLB,2003,24,2,2
Solomon Islands,SLB,2004,25,2,2
Solomon Islands,SLB,2005,26,2,2
Solomon Islands,SLB,2006,27,2,2
Solomon Islands,SLB,2007,27,2,2
Solomon Islands,SLB,2008,27,2,2
Solomon Islands,SLB,2009,27,2,2
Solomon Islands,SLB,2010,27,2,2
Solomon Islands,SLB,2011,27,2,2
Solomon Islands,SLB,2012,26,2,2
Solomon Islands,SLB,2013,26,2,2
Solomon Islands,SLB,2014,25,2,2
Solomon Islands,SLB,2015,18,1,2
Somalia,SOM,2000,3620,236,749
Somalia,SOM,2001,3687,240,764
Somalia,SOM,2002,3838,250,795
Somalia,SOM,2003,4111,268,852
Somalia,SOM,2004,4235,276,877
Somalia,SOM,2005,4394,286,908
Somalia,SOM,2006,4554,295,940
Somalia,SOM,2007,4716,306,972
Somalia,SOM,2008,4833,313,996
Somalia,SOM,2009,4906,318,1011
Somalia,SOM,2010,4928,319,1016
Somalia,SOM,2011,4885,316,1005
Somalia,SOM,2012,4789,309,982
Somalia,SOM,2013,4688,301,957
Somalia,SOM,2014,4558,291,927
Somalia,SOM,2015,4493,286,911
South Africa,ZAF,2000,4235,144,459
South Africa,ZAF,2001,4220,143,455
South Africa,ZAF,2002,4045,136,433
South Africa,ZAF,2003,3789,126,401
South Africa,ZAF,2004,3550,117,372
South Africa,ZAF,2005,3443,112,357
South Africa,ZAF,2006,3420,312,351
South Africa,ZAF,2007,3518,319,358
South Africa,ZAF,2008,3696,334,375
South Africa,ZAF,2009,3751,339,381
South Africa,ZAF,2010,3392,304,342
South Africa,ZAF,2011,2943,262,294
South Africa,ZAF,2012,2182,189,213
South Africa,ZAF,2013,2016,180,202
South Africa,ZAF,2014,1786,162,182
South Africa,ZAF,2015,1118,94,106
South Korea,KOR,2000,56,22,24
South Korea,KOR,2001,49,18,20
South Korea,KOR,2002,44,18,21
South Korea,KOR,2003,36,14,16
South Korea,KOR,2004,25,15,17
South Korea,KOR,2005,23,11,13
South Korea,KOR,2006,27,15,17
South Korea,KOR,2007,20,18,20
South Korea,KOR,2008,20,12,13
South Korea,KOR,2009,21,12,14
South Korea,KOR,2010,19,13,14
South Korea,KOR,2011,19,16,18
South Korea,KOR,2012,13,12,13
South Korea,KOR,2013,14,11,13
South Korea,KOR,2014,16,14,16
South Korea,KOR,2015,10,9,10
South Sudan,SSD,2000,2919,143,454
South Sudan,SSD,2001,2928,142,452
South Sudan,SSD,2002,2836,136,433
South Sudan,SSD,2003,2739,130,414
South Sudan,SSD,2004,2651,124,394
South Sudan,SSD,2005,2518,116,370
South Sudan,SSD,2006,2457,112,356
South Sudan,SSD,2007,2410,109,346
South Sudan,SSD,2008,2444,110,351
South Sudan,SSD,2009,2434,111,352
South Sudan,SSD,2010,2437,113,359
South Sudan,SSD,2011,2434,116,368
South Sudan,SSD,2012,2345,114,364
South Sudan,SSD,2013,2367,118,374
South Sudan,SSD,2014,2323,117,373
South Sudan,SSD,2015,2287,116,370
Spain,ESP,2000,18,23,25
Spain,ESP,2001,6,14,15
Spain,ESP,2002,16,13,15
Spain,ESP,2003,18,18,20
Spain,ESP,2004,14,14,16
Spain,ESP,2005,13,20,22
Spain,ESP,2006,18,16,18
Spain,ESP,2007,22,15,17
Spain,ESP,2008,13,13,15
Spain,ESP,2009,17,15,17
Spain,ESP,2010,14,8,9
Spain,ESP,2011,12,9,10
Spain,ESP,2012,9,6,7
Spain,ESP,2013,7,9,10
Spain,ESP,2014,8,7,8
Spain,ESP,2015,7,6,7
Sri Lanka,LKA,2000,126,13,15
Sri Lanka,LKA,2001,119,12,14
Sri Lanka,LKA,2002,113,12,13
Sri Lanka,LKA,2003,110,12,13
Sri Lanka,LKA,2004,101,11,12
Sri Lanka,LKA,2005,99,11,12
Sri Lanka,LKA,2006,90,10,11
Sri Lanka,LKA,2007,83,9,10
Sri Lanka,LKA,2008,76,8,9
Sri Lanka,LKA,2009,71,8,9
Sri Lanka,LKA,2010,76,15,17
Sri Lanka,LKA,2011,74,15,17
Sri Lanka,LKA,2012,70,14,16
Sri Lanka,LKA,2013,67,13,15
Sri Lanka,LKA,2014,62,12,14
Sri Lanka,LKA,2015,61,12,14
Sudan,SDN,2000,7034,365,1162
Sudan,SDN,2001,7230,371,1181
Sudan,SDN,2002,7214,366,1164
Sudan,SDN,2003,7213,361,1148
Sudan,SDN,2004,7168,353,1123
Sudan,SDN,2005,6914,335,1066
Sudan,SDN,2006,6820,326,1036
Sudan,SDN,2007,6692,315,1002
Sudan,SDN,2008,6723,313,996
Sudan,SDN,2009,6541,302,961
Sudan,SDN,2010,6377,293,931
Sudan,SDN,2011,6311,287,914
Sudan,SDN,2012,6103,276,878
Sudan,SDN,2013,5430,681,765
Sudan,SDN,2014,3637,427,480
Sudan,SDN,2015,3072,367,412
Suriname,SUR,2000,7,2,2
Suriname,SUR,2001,7,1,1
Suriname,SUR,2002,4,3,3
Suriname,SUR,2003,10,1,1
Suriname,SUR,2004,4,1,1
Suriname,SUR,2005,10,1,1
Suriname,SUR,2006,7,3,3
Suriname,SUR,2007,9,1,1
Suriname,SUR,2008,6,2,2
Suriname,SUR,2009,8,2,2
Suriname,SUR,2010,9,4,4
Suriname,SUR,2011,6,2,2
Suriname,SUR,2012,8,0,0
Suriname,SUR,2013,7,2,2
Suriname,SUR,2014,7,2,2
Suriname,SUR,2015,6,2,2
Sweden,SWE,2000,2,1,1
Sweden,SWE,2001,2,1,1
Sweden,SWE,2002,2,2,2
Sweden,SWE,2003,4,2,2
Sweden,SWE,2004,5,1,2
Sweden,SWE,2005,5,2,2
Sweden,SWE,2006,3,1,1
Sweden,SWE,2007,4,2,3
Sweden,SWE,2008,7,0,0
Sweden,SWE,2009,2,0,0
Sweden,SWE,2010,2,1,1
Sweden,SWE,2011,3,0,0
Sweden,SWE,2012,1,0,0
Sweden,SWE,2013,2,0,0
Sweden,SWE,2014,2,0,0
Sweden,SWE,2015,2,0,0
Switzerland,CHE,2000,2,3,3
Switzerland,CHE,2001,3,4,4
Switzerland,CHE,2002,3,4,4
Switzerland,CHE,2003,2,2,2
Switzerland,CHE,2004,1,0,0
Switzerland,CHE,2005,3,2,2
Switzerland,CHE,2006,1,2,2
Switzerland,CHE,2007,1,1,1
Switzerland,CHE,2008,2,1,1
Switzerland,CHE,2009,2,2,2
Switzerland,CHE,2010,2,1,1
Switzerland,CHE,2011,1,0,0
Switzerland,CHE,2012,0,0,0
Switzerland,CHE,2013,0,0,0
Switzerland,CHE,2014,0,0,0
Switzerland,CHE,2015,0,0,0
Syria,SYR,2000,476,19,21
Syria,SYR,2001,479,34,38
Syria,SYR,2002,443,33,37
Syria,SYR,2003,396,30,34
Syria,SYR,2004,358,28,31
Syria,SYR,2005,331,26,29
Syria,SYR,2006,318,26,29
Syria,SYR,2007,310,26,29
Syria,SYR,2008,299,25,28
Syria,SYR,2009,291,24,27
Syria,SYR,2010,262,22,24
Syria,SYR,2011,231,19,21
Syria,SYR,2012,184,14,16
Syria,SYR,2013,148,11,13
Syria,SYR,2014,127,10,11
Syria,SYR,2015,123,10,11
Tajikistan,TJK,2000,1247,74,234
Tajikistan,TJK,2001,1128,66,209
Tajikistan,TJK,2002,1006,58,183
Tajikistan,TJK,2003,895,142,160
Tajikistan,TJK,2004,813,127,142
Tajikistan,TJK,2005,756,115,130
Tajikistan,TJK,2006,717,108,121
Tajikistan,TJK,2007,700,104,116
Tajikistan,TJK,2008,697,102,114
Tajikistan,TJK,2009,708,103,115
Tajikistan,TJK,2010,717,103,116
Tajikistan,TJK,2011,724,103,116
Tajikistan,TJK,2012,729,102,115
Tajikistan,TJK,2013,727,101,114
Tajikistan,TJK,2014,720,100,112
Tajikistan,TJK,2015,700,96,108
Tanzania,TZA,2000,9438,600,1908
Tanzania,TZA,2001,9111,578,1838
Tanzania,TZA,2002,8701,550,1750
Tanzania,TZA,2003,8774,552,1756
Tanzania,TZA,2004,8545,534,1697
Tanzania,TZA,2005,8284,512,1628
Tanzania,TZA,2006,7985,488,1553
Tanzania,TZA,2007,7516,455,1447
Tanzania,TZA,2008,7122,1210,1359
Tanzania,TZA,2009,6813,1150,1292
Tanzania,TZA,2010,6586,1107,1243
Tanzania,TZA,2011,6369,1067,1198
Tanzania,TZA,2012,6297,1052,1182
Tanzania,TZA,2013,4423,696,782
Tanzania,TZA,2014,3466,535,601
Tanzania,TZA,2015,2942,472,530
Thailand,THA,2000,635,66,74
Thailand,THA,2001,582,61,69
Thailand,THA,2002,540,58,65
Thailand,THA,2003,504,54,61
Thailand,THA,2004,465,51,57
Thailand,THA,2005,423,47,52
Thailand,THA,2006,387,43,48
Thailand,THA,2007,355,40,45
Thailand,THA,2008,322,36,41
Thailand,THA,2009,302,34,38
Thailand,THA,2010,285,32,36
Thailand,THA,2011,268,30,34
Thailand,THA,2012,252,28,31
Thailand,THA,2013,239,26,29
Thailand,THA,2014,225,24,27
Thailand,THA,2015,219,23,26
Timor,TLS,2000,299,13,42
Timor,TLS,2001,278,13,41
Timor,TLS,2002,256,12,39
Timor,TLS,2003,235,11,36
Timor,TLS,2004,214,10,32
Timor,TLS,2005,193,9,28
Timor,TLS,2006,173,7,23
Timor,TLS,2007,154,17,20
Timor,TLS,2008,140,15,17
Timor,TLS,2009,130,14,15
Timor,TLS,2010,130,13,15
Timor,TLS,2011,134,14,15
Timor,TLS,2012,145,15,17
Timor,TLS,2013,157,16,18
Timor,TLS,2014,164,17,19
Timor,TLS,2015,165,17,19
Togo,TGO,2000,791,46,147
Togo,TGO,2001,803,47,151
Togo,TGO,2002,809,48,153
Togo,TGO,2003,808,48,153
Togo,TGO,2004,805,48,153
Togo,TGO,2005,797,48,152
Togo,TGO,2006,791,47,151
Togo,TGO,2007,792,47,151
Togo,TGO,2008,810,48,154
Togo,TGO,2009,843,50,160
Togo,TGO,2010,893,54,170
Togo,TGO,2011,962,58,184
Togo,TGO,2012,1026,62,197
Togo,TGO,2013,1059,64,203
Togo,TGO,2014,950,56,179
Togo,TGO,2015,699,40,126
Tonga,TON,2000,2,0,0
Tonga,TON,2001,2,0,0
Tonga,TON,2002,2,0,0
Tonga,TON,2003,2,0,0
Tonga,TON,2004,2,0,0
Tonga,TON,2005,2,0,0
Tonga,TON,2006,2,0,0
Tonga,TON,2007,2,0,0
Tonga,TON,2008,2,0,0
Tonga,TON,2009,2,0,0
Tonga,TON,2010,2,0,0
Tonga,TON,2011,2,0,0
Tonga,TON,2012,2,0,0
Tonga,TON,2013,2,0,0
Tonga,TON,2014,2,0,0
Tonga,TON,2015,2,0,0
Trinidad and Tobago,TTO,2000,4,2,3
Trinidad and Tobago,TTO,2001,5,1,1
Trinidad and Tobago,TTO,2002,7,1,2
Trinidad and Tobago,TTO,2003,14,3,4
Trinidad and Tobago,TTO,2004,11,1,1
Trinidad and Tobago,TTO,2005,10,2,2
Trinidad and Tobago,TTO,2006,7,2,2
Trinidad and Tobago,TTO,2007,10,1,1
Trinidad and Tobago,TTO,2008,6,2,2
Trinidad and Tobago,TTO,2009,6,1,1
Trinidad and Tobago,TTO,2010,7,1,1
Trinidad and Tobago,TTO,2011,7,1,1
Trinidad and Tobago,TTO,2012,6,1,1
Trinidad and Tobago,TTO,2013,5,1,1
Trinidad and Tobago,TTO,2014,4,1,1
Trinidad and Tobago,TTO,2015,3,1,1
Tunisia,TUN,2000,205,10,11
Tunisia,TUN,2001,182,9,10
Tunisia,TUN,2002,163,8,9
Tunisia,TUN,2003,159,14,16
Tunisia,TUN,2004,146,13,15
Tunisia,TUN,2005,134,12,14
Tunisia,TUN,2006,110,6,6
Tunisia,TUN,2007,102,5,6
Tunisia,TUN,2008,94,5,6
Tunisia,TUN,2009,89,5,5
Tunisia,TUN,2010,83,4,5
Tunisia,TUN,2011,80,6,7
Tunisia,TUN,2012,83,8,9
Tunisia,TUN,2013,81,7,8
Tunisia,TUN,2014,77,7,8
Tunisia,TUN,2015,72,6,7
Turkey,TUR,2000,1345,131,147
Turkey,TUR,2001,1189,120,135
Turkey,TUR,2002,1039,110,124
Turkey,TUR,2003,913,103,115
Turkey,TUR,2004,802,98,110
Turkey,TUR,2005,714,95,107
Turkey,TUR,2006,628,90,102
Turkey,TUR,2007,668,108,122
Turkey,TUR,2008,620,105,118
Turkey,TUR,2009,483,85,95
Turkey,TUR,2010,299,72,81
Turkey,TUR,2011,193,47,53
Turkey,TUR,2012,135,51,57
Turkey,TUR,2013,183,41,46
Turkey,TUR,2014,147,41,46
Turkey,TUR,2015,139,39,43
Turkmenistan,TKM,2000,497,20,62
Turkmenistan,TKM,2001,482,19,60
Turkmenistan,TKM,2002,488,19,60
Turkmenistan,TKM,2003,504,54,61
Turkmenistan,TKM,2004,514,55,61
Turkmenistan,TKM,2005,508,53,59
Turkmenistan,TKM,2006,493,50,56
Turkmenistan,TKM,2007,466,46,52
Turkmenistan,TKM,2008,431,42,47
Turkmenistan,TKM,2009,398,38,42
Turkmenistan,TKM,2010,378,35,39
Turkmenistan,TKM,2011,363,33,37
Turkmenistan,TKM,2012,358,31,35
Turkmenistan,TKM,2013,356,31,35
Turkmenistan,TKM,2014,354,30,34
Turkmenistan,TKM,2015,347,29,33
Tuvalu,TUV,2000,1,0,0
Tuvalu,TUV,2001,0,0,0
Tuvalu,TUV,2002,0,0,0
Tuvalu,TUV,2003,0,0,0
Tuvalu,TUV,2004,0,0,0
Tuvalu,TUV,2005,0,0,0
Tuvalu,TUV,2006,0,0,0
Tuvalu,TUV,2007,0,0,0
Tuvalu,TUV,2008,0,0,0
Tuvalu,TUV,2009,0,0,0
Tuvalu,TUV,2010,0,0,0
Tuvalu,TUV,2011,0,0,0
Tuvalu,TUV,2012,0,0,0
Tuvalu,TUV,2013,0,0,0
Tuvalu,TUV,2014,0,0,0
Tuvalu,TUV,2015,0,0,0
Uganda,UGA,2000,6651,454,1443
Uganda,UGA,2001,6527,444,1411
Uganda,UGA,2002,6439,436,1386
Uganda,UGA,2003,6252,421,1340
Uganda,UGA,2004,6410,430,1366
Uganda,UGA,2005,6391,426,1354
Uganda,UGA,2006,6086,403,1280
Uganda,UGA,2007,5859,384,1223
Uganda,UGA,2008,5743,373,1188
Uganda,UGA,2009,5521,356,1134
Uganda,UGA,2010,5441,349,1109
Uganda,UGA,2011,5401,975,1095
Uganda,UGA,2012,5371,966,1085
Uganda,UGA,2013,5268,945,1061
Uganda,UGA,2014,4256,741,833
Uganda,UGA,2015,3626,624,701
Ukraine,UKR,2000,235,19,22
Ukraine,UKR,2001,207,17,19
Ukraine,UKR,2002,180,15,17
Ukraine,UKR,2003,160,14,15
Ukraine,UKR,2004,144,12,14
Ukraine,UKR,2005,136,12,13
Ukraine,UKR,2006,131,14,15
Ukraine,UKR,2007,153,19,22
Ukraine,UKR,2008,160,21,24
Ukraine,UKR,2009,152,20,22
Ukraine,UKR,2010,147,19,21
Ukraine,UKR,2011,129,15,16
Ukraine,UKR,2012,129,17,19
Ukraine,UKR,2013,113,15,16
Ukraine,UKR,2014,98,12,14
Ukraine,UKR,2015,85,10,12
United Arab Emirates,ARE,2000,12,3,3
United Arab Emirates,ARE,2001,12,2,3
United Arab Emirates,ARE,2002,11,2,3
United Arab Emirates,ARE,2003,10,2,2
United Arab Emirates,ARE,2004,11,2,3
United Arab Emirates,ARE,2005,11,2,3
United Arab Emirates,ARE,2006,11,2,3
United Arab Emirates,ARE,2007,12,3,3
United Arab Emirates,ARE,2008,13,3,3
United Arab Emirates,ARE,2009,13,3,3
United Arab Emirates,ARE,2010,10,2,2
United Arab Emirates,ARE,2011,8,2,2
United Arab Emirates,ARE,2012,7,1,2
United Arab Emirates,ARE,2013,7,1,2
United Arab Emirates,ARE,2014,5,1,1
United Arab Emirates,ARE,2015,4,1,1
United Kingdom,GBR,2000,66,43,49
United Kingdom,GBR,2001,65,48,54
United Kingdom,GBR,2002,52,38,43
United Kingdom,GBR,2003,51,43,49
United Kingdom,GBR,2004,53,37,42
United Kingdom,GBR,2005,57,37,42
United Kingdom,GBR,2006,54,26,30
United Kingdom,GBR,2007,43,22,25
United Kingdom,GBR,2008,43,18,20
United Kingdom,GBR,2009,44,19,22
United Kingdom,GBR,2010,31,14,16
United Kingdom,GBR,2011,21,7,8
United Kingdom,GBR,2012,14,5,5
United Kingdom,GBR,2013,9,3,3
United Kingdom,GBR,2014,11,3,4
United Kingdom,GBR,2015,10,3,4
United States,USA,2000,375,155,174
United States,USA,2001,385,124,140
United States,USA,2002,339,102,114
United States,USA,2003,338,86,97
United States,USA,2004,285,77,86
United States,USA,2005,227,70,79
United States,USA,2006,266,72,81
United States,USA,2007,224,66,74
United States,USA,2008,246,60,67
United States,USA,2009,268,61,68
United States,USA,2010,192,68,77
United States,USA,2011,133,24,27
United States,USA,2012,81,16,17
United States,USA,2013,65,19,21
United States,USA,2014,63,14,16
United States,USA,2015,61,13,15
Uruguay,URY,2000,29,6,6
Uruguay,URY,2001,35,11,12
Uruguay,URY,2002,32,9,10
Uruguay,URY,2003,31,9,10
Uruguay,URY,2004,23,8,9
Uruguay,URY,2005,29,9,10
Uruguay,URY,2006,27,8,9
Uruguay,URY,2007,31,12,13
Uruguay,URY,2008,28,7,8
Uruguay,URY,2009,27,8,9
Uruguay,URY,2010,15,4,5
Uruguay,URY,2011,10,3,3
Uruguay,URY,2012,9,2,2
Uruguay,URY,2013,5,2,2
Uruguay,URY,2014,5,1,2
Uruguay,URY,2015,4,1,1
Uzbekistan,UZB,2000,1912,266,299
Uzbekistan,UZB,2001,1807,250,281
Uzbekistan,UZB,2002,1713,235,264
Uzbekistan,UZB,2003,1627,220,248
Uzbekistan,UZB,2004,1573,210,236
Uzbekistan,UZB,2005,1527,200,225
Uzbekistan,UZB,2006,1509,194,218
Uzbekistan,UZB,2007,1500,189,212
Uzbekistan,UZB,2008,1510,186,209
Uzbekistan,UZB,2009,1514,183,206
Uzbekistan,UZB,2010,1510,180,202
Uzbekistan,UZB,2011,1489,175,197
Uzbekistan,UZB,2012,1457,170,190
Uzbekistan,UZB,2013,1415,163,183
Uzbekistan,UZB,2014,1374,157,177
Uzbekistan,UZB,2015,1309,149,168
Vanuatu,VUT,2000,7,0,0
Vanuatu,VUT,2001,7,0,0
Vanuatu,VUT,2002,6,0,0
Vanuatu,VUT,2003,5,0,0
Vanuatu,VUT,2004,5,0,0
Vanuatu,VUT,2005,7,0,0
Vanuatu,VUT,2006,7,0,0
Vanuatu,VUT,2007,8,0,0
Vanuatu,VUT,2008,8,0,0
Vanuatu,VUT,2009,9,0,0
Vanuatu,VUT,2010,9,0,0
Vanuatu,VUT,2011,9,1,1
Vanuatu,VUT,2012,10,1,1
Vanuatu,VUT,2013,9,1,1
Vanuatu,VUT,2014,9,1,1
Vanuatu,VUT,2015,9,1,1
Venezuela,VEN,2000,277,53,59
Venezuela,VEN,2001,362,59,66
Venezuela,VEN,2002,313,60,67
Venezuela,VEN,2003,367,42,47
Venezuela,VEN,2004,382,62,70
Venezuela,VEN,2005,342,55,62
Venezuela,VEN,2006,346,50,56
Venezuela,VEN,2007,317,44,50
Venezuela,VEN,2008,298,46,52
Venezuela,VEN,2009,282,42,47
Venezuela,VEN,2010,272,40,45
Venezuela,VEN,2011,287,51,57
Venezuela,VEN,2012,273,46,51
Venezuela,VEN,2013,265,44,49
Venezuela,VEN,2014,262,43,48
Venezuela,VEN,2015,239,39,43
Vietnam,VNM,2000,2253,181,203
Vietnam,VNM,2001,2090,171,192
Vietnam,VNM,2002,2059,172,193
Vietnam,VNM,2003,2063,176,198
Vietnam,VNM,2004,2033,178,200
Vietnam,VNM,2005,1970,177,198
Vietnam,VNM,2006,1885,172,193
Vietnam,VNM,2007,1768,162,182
Vietnam,VNM,2008,1631,150,168
Vietnam,VNM,2009,1515,138,155
Vietnam,VNM,2010,1528,216,242
Vietnam,VNM,2011,1552,251,282
Vietnam,VNM,2012,1499,242,272
Vietnam,VNM,2013,1469,223,250
Vietnam,VNM,2014,1462,226,254
Vietnam,VNM,2015,1430,225,253
World,OWID_WRL,2000,487536,33261,79231
World,OWID_WRL,2001,472234,32495,76663
World,OWID_WRL,2002,455636,31177,73697
World,OWID_WRL,2003,438811,31530,70821
World,OWID_WRL,2004,426671,31261,68456
World,OWID_WRL,2005,408358,29803,65406
World,OWID_WRL,2006,398346,30056,63542
World,OWID_WRL,2007,386046,29212,61136
World,OWID_WRL,2008,375844,29038,59283
World,OWID_WRL,2009,363458,28853,56957
World,OWID_WRL,2010,357352,28060,55844
World,OWID_WRL,2011,338470,29976,52448
World,OWID_WRL,2012,317963,27832,48675
World,OWID_WRL,2013,292924,26663,44285
World,OWID_WRL,2014,265010,23811,39634
World,OWID_WRL,2015,237643,21484,35212
Yemen,YEM,2000,3924,161,514
Yemen,YEM,2001,3719,152,484
Yemen,YEM,2002,3547,144,458
Yemen,YEM,2003,3412,138,438
Yemen,YEM,2004,3277,131,418
Yemen,YEM,2005,3136,354,397
Yemen,YEM,2006,2986,334,375
Yemen,YEM,2007,2835,315,354
Yemen,YEM,2008,2667,295,332
Yemen,YEM,2009,2511,278,313
Yemen,YEM,2010,2349,262,294
Yemen,YEM,2011,1780,194,218
Yemen,YEM,2012,1345,147,165
Yemen,YEM,2013,1160,130,146
Yemen,YEM,2014,1075,122,137
Yemen,YEM,2015,641,67,76
Zambia,ZMB,2000,3828,212,676
Zambia,ZMB,2001,3720,204,648
Zambia,ZMB,2002,3543,191,607
Zambia,ZMB,2003,3356,178,567
Zambia,ZMB,2004,3209,168,535
Zambia,ZMB,2005,3101,161,511
Zambia,ZMB,2006,3029,155,493
Zambia,ZMB,2007,2988,151,480
Zambia,ZMB,2008,2966,148,469
Zambia,ZMB,2009,2921,143,454
Zambia,ZMB,2010,2863,137,436
Zambia,ZMB,2011,2786,131,416
Zambia,ZMB,2012,2672,351,394
Zambia,ZMB,2013,2551,333,374
Zambia,ZMB,2014,1834,228,256
Zambia,ZMB,2015,1509,186,209
Zimbabwe,ZWE,2000,1604,75,240
Zimbabwe,ZWE,2001,1655,79,251
Zimbabwe,ZWE,2002,1731,84,267
Zimbabwe,ZWE,2003,1821,90,288
Zimbabwe,ZWE,2004,1927,98,312
Zimbabwe,ZWE,2005,2045,107,340
Zimbabwe,ZWE,2006,2143,115,365
Zimbabwe,ZWE,2007,2234,122,389
Zimbabwe,ZWE,2008,2308,129,410
Zimbabwe,ZWE,2009,2364,133,424
Zimbabwe,ZWE,2010,2392,136,433
Zimbabwe,ZWE,2011,2409,137,436
Zimbabwe,ZWE,2012,2179,122,389
Zimbabwe,ZWE,2013,1467,218,244
Zimbabwe,ZWE,2014,1269,190,214
Zimbabwe,ZWE,2015,1168,183,206