Entity,Code,Year,HepB3 (% of one-year-olds immunized)
Afghanistan,AFG,2007,63
Afghanistan,AFG,2008,64
Afghanistan,AFG,2009,63
Afghanistan,AFG,2010,66
Afghanistan,AFG,2011,68
Afghanistan,AFG,2012,67
Afghanistan,AFG,2013,64
Afghanistan,AFG,2014,62
Afghanistan,AFG,2015,65
Afghanistan,AFG,2016,66
Afghanistan,AFG,2017,66
Afghanistan,AFG,2018,66
Afghanistan,AFG,2019,66
Africa,,1985,0
Africa,,1986,0
Africa,,1987,0
Africa,,1988,0
Africa,,1989,0
Africa,,1990,0
Africa,,1991,0
Africa,,1992,0
Africa,,1993,0
Africa,,1994,0
Africa,,1995,0
Africa,,1996,1
Africa,,1997,4
Africa,,1998,4
Africa,,1999,4
Africa,,2000,5
Africa,,2001,5
Africa,,2002,24
Africa,,2003,28
Africa,,2004,33
Africa,,2005,42
Africa,,2006,46
Africa,,2007,63
Africa,,2008,64
Africa,,2009,73
Africa,,2010,70
Africa,,2011,71
Africa,,2012,70
Africa,,2013,69
Africa,,2014,71
Africa,,2015,70
Africa,,2016,72
Africa,,2017,73
Africa,,2018,73
Africa,,2019,73
Albania,ALB,1994,99
Albania,ALB,1995,88
Albania,ALB,1996,96
Albania,ALB,1997,97
Albania,ALB,1998,94
Albania,ALB,1999,96
Albania,ALB,2000,96
Albania,ALB,2001,96
Albania,ALB,2002,96
Albania,ALB,2003,97
Albania,ALB,2004,99
Albania,ALB,2005,98
Albania,ALB,2006,98
Albania,ALB,2007,98
Albania,ALB,2008,99
Albania,ALB,2009,98
Albania,ALB,2010,99
Albania,ALB,2011,99
Albania,ALB,2012,99
Albania,ALB,2013,99
Albania,ALB,2014,98
Albania,ALB,2015,99
Albania,ALB,2016,98
Albania,ALB,2017,99
Albania,ALB,2018,99
Albania,ALB,2019,99
Algeria,DZA,2004,81
Algeria,DZA,2005,83
Algeria,DZA,2006,80
Algeria,DZA,2007,90
Algeria,DZA,2008,91
Algeria,DZA,2009,94
Algeria,DZA,2010,95
Algeria,DZA,2011,95
Algeria,DZA,2012,95
Algeria,DZA,2013,95
Algeria,DZA,2014,95
Algeria,DZA,2015,95
Algeria,DZA,2016,91
Algeria,DZA,2017,91
Algeria,DZA,2018,91
Algeria,DZA,2019,91
Americas,,1985,0
Americas,,1986,0
Americas,,1987,0
Americas,,1988,0
Americas,,1989,0
Americas,,1990,0
Americas,,1991,0
Americas,,1992,0
Americas,,1993,5
Americas,,1994,12
Americas,,1995,24
Americas,,1996,30
Americas,,1997,29
Americas,,1998,31
Americas,,1999,49
Americas,,2000,70
Americas,,2001,72
Americas,,2002,75
Americas,,2003,83
Americas,,2004,85
Americas,,2005,89
Americas,,2006,90
Americas,,2007,89
Americas,,2008,89
Americas,,2009,91
Americas,,2010,90
Americas,,2011,90
Americas,,2012,91
Americas,,2013,89
Americas,,2014,89
Americas,,2015,89
Americas,,2016,90
Americas,,2017,84
Americas,,2018,83
Americas,,2019,81
Andorra,AND,1997,75
Andorra,AND,1998,80
Andorra,AND,1999,75
Andorra,AND,2000,84
Andorra,AND,2001,84
Andorra,AND,2002,84
Andorra,AND,2003,81
Andorra,AND,2004,77
Andorra,AND,2005,79
Andorra,AND,2006,84
Andorra,AND,2007,91
Andorra,AND,2008,97
Andorra,AND,2009,96
Andorra,AND,2010,96
Andorra,AND,2011,99
Andorra,AND,2012,96
Andorra,AND,2013,94
Andorra,AND,2014,95
Andorra,AND,2015,94
Andorra,AND,2016,94
Andorra,AND,2017,98
Andorra,AND,2018,98
Andorra,AND,2019,98
Angola,AGO,2007,43
Angola,AGO,2008,45
Angola,AGO,2009,47
Angola,AGO,2010,49
Angola,AGO,2011,50
Angola,AGO,2012,52
Angola,AGO,2013,54
Angola,AGO,2014,55
Angola,AGO,2015,55
Angola,AGO,2016,55
Angola,AGO,2017,52
Angola,AGO,2018,59
Angola,AGO,2019,53
Antigua and Barbuda,ATG,2001,96
Antigua and Barbuda,ATG,2002,99
Antigua and Barbuda,ATG,2003,99
Antigua and Barbuda,ATG,2004,97
Antigua and Barbuda,ATG,2005,99
Antigua and Barbuda,ATG,2006,99
Antigua and Barbuda,ATG,2007,97
Antigua and Barbuda,ATG,2008,98
Antigua and Barbuda,ATG,2009,98
Antigua and Barbuda,ATG,2010,98
Antigua and Barbuda,ATG,2011,99
Antigua and Barbuda,ATG,2012,98
Antigua and Barbuda,ATG,2013,99
Antigua and Barbuda,ATG,2014,99
Antigua and Barbuda,ATG,2015,99
Antigua and Barbuda,ATG,2016,92
Antigua and Barbuda,ATG,2017,95
Antigua and Barbuda,ATG,2018,95
Antigua and Barbuda,ATG,2019,99
Argentina,ARG,2002,66
Argentina,ARG,2003,73
Argentina,ARG,2004,81
Argentina,ARG,2005,88
Argentina,ARG,2006,84
Argentina,ARG,2007,85
Argentina,ARG,2008,90
Argentina,ARG,2009,94
Argentina,ARG,2010,94
Argentina,ARG,2011,91
Argentina,ARG,2012,91
Argentina,ARG,2013,94
Argentina,ARG,2014,94
Argentina,ARG,2015,94
Argentina,ARG,2016,92
Argentina,ARG,2017,86
Argentina,ARG,2018,86
Argentina,ARG,2019,86
Armenia,ARM,2000,55
Armenia,ARM,2001,69
Armenia,ARM,2002,91
Armenia,ARM,2003,93
Armenia,ARM,2004,91
Armenia,ARM,2005,91
Armenia,ARM,2006,78
Armenia,ARM,2007,85
Armenia,ARM,2008,89
Armenia,ARM,2009,93
Armenia,ARM,2010,94
Armenia,ARM,2011,95
Armenia,ARM,2012,95
Armenia,ARM,2013,95
Armenia,ARM,2014,93
Armenia,ARM,2015,94
Armenia,ARM,2016,94
Armenia,ARM,2017,94
Armenia,ARM,2018,92
Armenia,ARM,2019,92
Australia,AUS,2001,94
Australia,AUS,2002,95
Australia,AUS,2003,95
Australia,AUS,2004,95
Australia,AUS,2005,95
Australia,AUS,2006,95
Australia,AUS,2007,94
Australia,AUS,2008,94
Australia,AUS,2009,94
Australia,AUS,2010,92
Australia,AUS,2011,92
Australia,AUS,2012,91
Australia,AUS,2013,91
Australia,AUS,2014,91
Australia,AUS,2015,93
Australia,AUS,2016,94
Australia,AUS,2017,95
Australia,AUS,2018,95
Australia,AUS,2019,95
Austria,AUT,2000,33
Austria,AUT,2001,44
Austria,AUT,2002,81
Austria,AUT,2003,83
Austria,AUT,2004,83
Austria,AUT,2005,86
Austria,AUT,2006,83
Austria,AUT,2007,85
Austria,AUT,2008,83
Austria,AUT,2009,83
Austria,AUT,2010,86
Austria,AUT,2011,89
Austria,AUT,2012,92
Austria,AUT,2013,95
Austria,AUT,2014,98
Austria,AUT,2015,93
Austria,AUT,2016,87
Austria,AUT,2017,90
Austria,AUT,2018,85
Austria,AUT,2019,85
Azerbaijan,AZE,2002,50
Azerbaijan,AZE,2003,51
Azerbaijan,AZE,2004,50
Azerbaijan,AZE,2005,49
Azerbaijan,AZE,2006,52
Azerbaijan,AZE,2007,62
Azerbaijan,AZE,2008,68
Azerbaijan,AZE,2009,74
Azerbaijan,AZE,2010,80
Azerbaijan,AZE,2011,84
Azerbaijan,AZE,2012,88
Azerbaijan,AZE,2013,93
Azerbaijan,AZE,2014,94
Azerbaijan,AZE,2015,96
Azerbaijan,AZE,2016,97
Azerbaijan,AZE,2017,95
Azerbaijan,AZE,2018,95
Azerbaijan,AZE,2019,94
Bahamas,BHS,2001,21
Bahamas,BHS,2002,89
Bahamas,BHS,2003,88
Bahamas,BHS,2004,93
Bahamas,BHS,2005,93
Bahamas,BHS,2006,96
Bahamas,BHS,2007,93
Bahamas,BHS,2008,90
Bahamas,BHS,2009,95
Bahamas,BHS,2010,98
Bahamas,BHS,2011,95
Bahamas,BHS,2012,96
Bahamas,BHS,2013,97
Bahamas,BHS,2014,96
Bahamas,BHS,2015,95
Bahamas,BHS,2016,94
Bahamas,BHS,2017,94
Bahamas,BHS,2018,90
Bahamas,BHS,2019,86
Bahrain,BHR,1992,57
Bahrain,BHR,1993,90
Bahrain,BHR,1994,93
Bahrain,BHR,1995,95
Bahrain,BHR,1996,96
Bahrain,BHR,1997,95
Bahrain,BHR,1998,95
Bahrain,BHR,1999,97
Bahrain,BHR,2000,97
Bahrain,BHR,2001,99
Bahrain,BHR,2002,98
Bahrain,BHR,2003,98
Bahrain,BHR,2004,98
Bahrain,BHR,2005,98
Bahrain,BHR,2006,98
Bahrain,BHR,2007,97
Bahrain,BHR,2008,97
Bahrain,BHR,2009,98
Bahrain,BHR,2010,99
Bahrain,BHR,2011,99
Bahrain,BHR,2012,99
Bahrain,BHR,2013,99
Bahrain,BHR,2014,98
Bahrain,BHR,2015,98
Bahrain,BHR,2016,99
Bahrain,BHR,2017,98
Bahrain,BHR,2018,99
Bahrain,BHR,2019,99
Bangladesh,BGD,2003,5
Bangladesh,BGD,2004,11
Bangladesh,BGD,2005,45
Bangladesh,BGD,2006,86
Bangladesh,BGD,2007,95
Bangladesh,BGD,2008,96
Bangladesh,BGD,2009,97
Bangladesh,BGD,2010,94
Bangladesh,BGD,2011,96
Bangladesh,BGD,2012,94
Bangladesh,BGD,2013,96
Bangladesh,BGD,2014,97
Bangladesh,BGD,2015,98
Bangladesh,BGD,2016,98
Bangladesh,BGD,2017,98
Bangladesh,BGD,2018,98
Bangladesh,BGD,2019,98
Barbados,BRB,2001,18
Barbados,BRB,2002,66
Barbados,BRB,2003,91
Barbados,BRB,2004,93
Barbados,BRB,2005,92
Barbados,BRB,2006,84
Barbados,BRB,2007,93
Barbados,BRB,2008,85
Barbados,BRB,2009,93
Barbados,BRB,2010,86
Barbados,BRB,2011,91
Barbados,BRB,2012,87
Barbados,BRB,2013,91
Barbados,BRB,2014,94
Barbados,BRB,2015,97
Barbados,BRB,2016,97
Barbados,BRB,2017,90
Barbados,BRB,2018,95
Barbados,BRB,2019,90
Belarus,BLR,2000,70
Belarus,BLR,2001,93
Belarus,BLR,2002,99
Belarus,BLR,2003,56
Belarus,BLR,2004,99
Belarus,BLR,2005,99
Belarus,BLR,2006,98
Belarus,BLR,2007,91
Belarus,BLR,2008,98
Belarus,BLR,2009,98
Belarus,BLR,2010,96
Belarus,BLR,2011,98
Belarus,BLR,2012,97
Belarus,BLR,2013,98
Belarus,BLR,2014,97
Belarus,BLR,2015,99
Belarus,BLR,2016,96
Belarus,BLR,2017,98
Belarus,BLR,2018,98
Belarus,BLR,2019,97
Belgium,BEL,1997,2
Belgium,BEL,1998,31
Belgium,BEL,1999,46
Belgium,BEL,2000,60
Belgium,BEL,2001,60
Belgium,BEL,2002,60
Belgium,BEL,2003,64
Belgium,BEL,2004,64
Belgium,BEL,2005,77
Belgium,BEL,2006,94
Belgium,BEL,2007,94
Belgium,BEL,2008,98
Belgium,BEL,2009,97
Belgium,BEL,2010,97
Belgium,BEL,2011,97
Belgium,BEL,2012,98
Belgium,BEL,2013,98
Belgium,BEL,2014,98
Belgium,BEL,2015,98
Belgium,BEL,2016,97
Belgium,BEL,2017,97
Belgium,BEL,2018,97
Belgium,BEL,2019,97
Belize,BLZ,2000,76
Belize,BLZ,2001,96
Belize,BLZ,2002,97
Belize,BLZ,2003,96
Belize,BLZ,2004,97
Belize,BLZ,2005,96
Belize,BLZ,2006,98
Belize,BLZ,2007,96
Belize,BLZ,2008,94
Belize,BLZ,2009,97
Belize,BLZ,2010,96
Belize,BLZ,2011,95
Belize,BLZ,2012,98
Belize,BLZ,2013,95
Belize,BLZ,2014,95
Belize,BLZ,2015,94
Belize,BLZ,2016,95
Belize,BLZ,2017,88
Belize,BLZ,2018,96
Belize,BLZ,2019,98
Benin,BEN,2002,15
Benin,BEN,2003,73
Benin,BEN,2004,75
Benin,BEN,2005,70
Benin,BEN,2006,74
Benin,BEN,2007,82
Benin,BEN,2008,75
Benin,BEN,2009,79
Benin,BEN,2010,76
Benin,BEN,2011,75
Benin,BEN,2012,80
Benin,BEN,2013,77
Benin,BEN,2014,74
Benin,BEN,2015,74
Benin,BEN,2016,76
Benin,BEN,2017,76
Benin,BEN,2018,76
Benin,BEN,2019,76
Bhutan,BTN,1996,16
Bhutan,BTN,1997,84
Bhutan,BTN,1998,81
Bhutan,BTN,1999,90
Bhutan,BTN,2000,98
Bhutan,BTN,2001,89
Bhutan,BTN,2002,83
Bhutan,BTN,2003,95
Bhutan,BTN,2004,89
Bhutan,BTN,2005,95
Bhutan,BTN,2006,95
Bhutan,BTN,2007,95
Bhutan,BTN,2008,96
Bhutan,BTN,2009,93
Bhutan,BTN,2010,91
Bhutan,BTN,2011,95
Bhutan,BTN,2012,97
Bhutan,BTN,2013,97
Bhutan,BTN,2014,99
Bhutan,BTN,2015,99
Bhutan,BTN,2016,98
Bhutan,BTN,2017,98
Bhutan,BTN,2018,97
Bhutan,BTN,2019,97
Bolivia (Plurinational State of),,2000,77
Bolivia (Plurinational State of),,2001,77
Bolivia (Plurinational State of),,2002,77
Bolivia (Plurinational State of),,2003,80
Bolivia (Plurinational State of),,2004,84
Bolivia (Plurinational State of),,2005,85
Bolivia (Plurinational State of),,2006,83
Bolivia (Plurinational State of),,2007,84
Bolivia (Plurinational State of),,2008,88
Bolivia (Plurinational State of),,2009,93
Bolivia (Plurinational State of),,2010,91
Bolivia (Plurinational State of),,2011,95
Bolivia (Plurinational State of),,2012,93
Bolivia (Plurinational State of),,2013,87
Bolivia (Plurinational State of),,2014,85
Bolivia (Plurinational State of),,2015,89
Bolivia (Plurinational State of),,2016,87
Bolivia (Plurinational State of),,2017,84
Bolivia (Plurinational State of),,2018,83
Bolivia (Plurinational State of),,2019,75
Bosnia and Herzegovina,BIH,2004,36
Bosnia and Herzegovina,BIH,2005,93
Bosnia and Herzegovina,BIH,2006,90
Bosnia and Herzegovina,BIH,2007,94
Bosnia and Herzegovina,BIH,2008,88
Bosnia and Herzegovina,BIH,2009,90
Bosnia and Herzegovina,BIH,2010,89
Bosnia and Herzegovina,BIH,2011,88
Bosnia and Herzegovina,BIH,2012,92
Bosnia and Herzegovina,BIH,2013,91
Bosnia and Herzegovina,BIH,2014,89
Bosnia and Herzegovina,BIH,2015,82
Bosnia and Herzegovina,BIH,2016,78
Bosnia and Herzegovina,BIH,2017,77
Bosnia and Herzegovina,BIH,2018,80
Bosnia and Herzegovina,BIH,2019,80
Botswana,BWA,1995,73
Botswana,BWA,1996,62
Botswana,BWA,1997,60
Botswana,BWA,1998,77
Botswana,BWA,1999,85
Botswana,BWA,2000,86
Botswana,BWA,2001,87
Botswana,BWA,2002,88
Botswana,BWA,2003,90
Botswana,BWA,2004,91
Botswana,BWA,2005,92
Botswana,BWA,2006,93
Botswana,BWA,2007,93
Botswana,BWA,2008,94
Botswana,BWA,2009,94
Botswana,BWA,2010,95
Botswana,BWA,2011,95
Botswana,BWA,2012,95
Botswana,BWA,2013,95
Botswana,BWA,2014,95
Botswana,BWA,2015,95
Botswana,BWA,2016,95
Botswana,BWA,2017,95
Botswana,BWA,2018,95
Botswana,BWA,2019,95
Brazil,BRA,1994,4
Brazil,BRA,1995,10
Brazil,BRA,1996,15
Brazil,BRA,1997,6
Brazil,BRA,1998,13
Brazil,BRA,1999,84
Brazil,BRA,2000,94
Brazil,BRA,2001,91
Brazil,BRA,2002,92
Brazil,BRA,2003,97
Brazil,BRA,2004,96
Brazil,BRA,2005,98
Brazil,BRA,2006,99
Brazil,BRA,2007,99
Brazil,BRA,2008,96
Brazil,BRA,2009,99
Brazil,BRA,2010,96
Brazil,BRA,2011,98
Brazil,BRA,2012,96
Brazil,BRA,2013,96
Brazil,BRA,2014,96
Brazil,BRA,2015,96
Brazil,BRA,2016,89
Brazil,BRA,2017,93
Brazil,BRA,2018,93
Brazil,BRA,2019,80
Brunei,BRN,1990,96
Brunei,BRN,1991,96
Brunei,BRN,1992,96
Brunei,BRN,1993,99
Brunei,BRN,1994,99
Brunei,BRN,1995,99
Brunei,BRN,1996,98
Brunei,BRN,1997,98
Brunei,BRN,1998,99
Brunei,BRN,1999,93
Brunei,BRN,2000,99
Brunei,BRN,2001,99
Brunei,BRN,2002,99
Brunei,BRN,2003,99
Brunei,BRN,2004,99
Brunei,BRN,2005,99
Brunei,BRN,2006,99
Brunei,BRN,2007,97
Brunei,BRN,2008,96
Brunei,BRN,2009,96
Brunei,BRN,2010,96
Brunei,BRN,2011,93
Brunei,BRN,2012,99
Brunei,BRN,2013,98
Brunei,BRN,2014,99
Brunei,BRN,2015,99
Brunei,BRN,2016,99
Brunei,BRN,2017,99
Brunei,BRN,2018,99
Brunei,BRN,2019,99
Bulgaria,BGR,1992,71
Bulgaria,BGR,1993,96
Bulgaria,BGR,1994,94
Bulgaria,BGR,1995,95
Bulgaria,BGR,1996,94
Bulgaria,BGR,1997,77
Bulgaria,BGR,1998,97
Bulgaria,BGR,1999,97
Bulgaria,BGR,2000,94
Bulgaria,BGR,2001,93
Bulgaria,BGR,2002,88
Bulgaria,BGR,2003,96
Bulgaria,BGR,2004,94
Bulgaria,BGR,2005,96
Bulgaria,BGR,2006,96
Bulgaria,BGR,2007,95
Bulgaria,BGR,2008,96
Bulgaria,BGR,2009,96
Bulgaria,BGR,2010,95
Bulgaria,BGR,2011,96
Bulgaria,BGR,2012,95
Bulgaria,BGR,2013,95
Bulgaria,BGR,2014,95
Bulgaria,BGR,2015,92
Bulgaria,BGR,2016,91
Bulgaria,BGR,2017,92
Bulgaria,BGR,2018,85
Bulgaria,BGR,2019,85
Burkina Faso,BFA,2006,76
Burkina Faso,BFA,2007,89
Burkina Faso,BFA,2008,93
Burkina Faso,BFA,2009,92
Burkina Faso,BFA,2010,91
Burkina Faso,BFA,2011,91
Burkina Faso,BFA,2012,90
Burkina Faso,BFA,2013,88
Burkina Faso,BFA,2014,91
Burkina Faso,BFA,2015,91
Burkina Faso,BFA,2016,91
Burkina Faso,BFA,2017,91
Burkina Faso,BFA,2018,91
Burkina Faso,BFA,2019,91
Burundi,BDI,2004,83
Burundi,BDI,2005,87
Burundi,BDI,2006,92
Burundi,BDI,2007,99
Burundi,BDI,2008,92
Burundi,BDI,2009,94
Burundi,BDI,2010,96
Burundi,BDI,2011,96
Burundi,BDI,2012,96
Burundi,BDI,2013,96
Burundi,BDI,2014,95
Burundi,BDI,2015,94
Burundi,BDI,2016,94
Burundi,BDI,2017,91
Burundi,BDI,2018,90
Burundi,BDI,2019,93
Cambodia,KHM,2006,80
Cambodia,KHM,2007,82
Cambodia,KHM,2008,91
Cambodia,KHM,2009,92
Cambodia,KHM,2010,91
Cambodia,KHM,2011,91
Cambodia,KHM,2012,91
Cambodia,KHM,2013,86
Cambodia,KHM,2014,91
Cambodia,KHM,2015,92
Cambodia,KHM,2016,93
Cambodia,KHM,2017,93
Cambodia,KHM,2018,92
Cambodia,KHM,2019,92
Cameroon,CMR,2005,79
Cameroon,CMR,2006,81
Cameroon,CMR,2007,82
Cameroon,CMR,2008,84
Cameroon,CMR,2009,80
Cameroon,CMR,2010,84
Cameroon,CMR,2011,82
Cameroon,CMR,2012,85
Cameroon,CMR,2013,89
Cameroon,CMR,2014,83
Cameroon,CMR,2015,78
Cameroon,CMR,2016,75
Cameroon,CMR,2017,74
Cameroon,CMR,2018,67
Cameroon,CMR,2019,67
Canada,CAN,2003,14
Canada,CAN,2004,14
Canada,CAN,2005,14
Canada,CAN,2006,14
Canada,CAN,2007,14
Canada,CAN,2008,28
Canada,CAN,2009,42
Canada,CAN,2010,56
Canada,CAN,2011,70
Canada,CAN,2012,70
Canada,CAN,2013,55
Canada,CAN,2014,55
Canada,CAN,2015,69
Canada,CAN,2016,70
Canada,CAN,2017,71
Canada,CAN,2018,71
Canada,CAN,2019,74
Cape Verde,CPV,2002,40
Cape Verde,CPV,2003,66
Cape Verde,CPV,2004,91
Cape Verde,CPV,2005,93
Cape Verde,CPV,2006,95
Cape Verde,CPV,2007,96
Cape Verde,CPV,2008,98
Cape Verde,CPV,2009,98
Cape Verde,CPV,2010,98
Cape Verde,CPV,2011,90
Cape Verde,CPV,2012,94
Cape Verde,CPV,2013,93
Cape Verde,CPV,2014,96
Cape Verde,CPV,2015,94
Cape Verde,CPV,2016,96
Cape Verde,CPV,2017,97
Cape Verde,CPV,2018,99
Cape Verde,CPV,2019,97
Central African Republic,CAF,2009,42
Central African Republic,CAF,2010,45
Central African Republic,CAF,2011,47
Central African Republic,CAF,2012,47
Central African Republic,CAF,2013,23
Central African Republic,CAF,2014,47
Central African Republic,CAF,2015,47
Central African Republic,CAF,2016,47
Central African Republic,CAF,2017,47
Central African Republic,CAF,2018,47
Central African Republic,CAF,2019,47
Chad,TCD,2008,17
Chad,TCD,2009,24
Chad,TCD,2010,39
Chad,TCD,2011,33
Chad,TCD,2012,40
Chad,TCD,2013,39
Chad,TCD,2014,36
Chad,TCD,2015,42
Chad,TCD,2016,41
Chad,TCD,2017,41
Chad,TCD,2018,46
Chad,TCD,2019,50
Chile,CHL,2006,95
Chile,CHL,2007,92
Chile,CHL,2008,95
Chile,CHL,2009,94
Chile,CHL,2010,92
Chile,CHL,2011,94
Chile,CHL,2012,90
Chile,CHL,2013,90
Chile,CHL,2014,95
Chile,CHL,2015,97
Chile,CHL,2016,95
Chile,CHL,2017,93
Chile,CHL,2018,95
Chile,CHL,2019,96
China,CHN,2000,60
China,CHN,2001,65
China,CHN,2002,70
China,CHN,2003,75
China,CHN,2004,79
China,CHN,2005,84
China,CHN,2006,91
China,CHN,2007,92
China,CHN,2008,95
China,CHN,2009,99
China,CHN,2010,99
China,CHN,2011,99
China,CHN,2012,99
China,CHN,2013,99
China,CHN,2014,99
China,CHN,2015,99
China,CHN,2016,99
China,CHN,2017,99
China,CHN,2018,99
China,CHN,2019,99
Colombia,COL,1995,71
Colombia,COL,1996,95
Colombia,COL,1997,85
Colombia,COL,1998,75
Colombia,COL,1999,77
Colombia,COL,2000,78
Colombia,COL,2001,80
Colombia,COL,2002,78
Colombia,COL,2003,92
Colombia,COL,2004,89
Colombia,COL,2005,93
Colombia,COL,2006,93
Colombia,COL,2007,93
Colombia,COL,2008,92
Colombia,COL,2009,92
Colombia,COL,2010,88
Colombia,COL,2011,85
Colombia,COL,2012,92
Colombia,COL,2013,91
Colombia,COL,2014,90
Colombia,COL,2015,91
Colombia,COL,2016,91
Colombia,COL,2017,92
Colombia,COL,2018,92
Colombia,COL,2019,92
Comoros,COM,2003,28
Comoros,COM,2004,77
Comoros,COM,2005,68
Comoros,COM,2006,69
Comoros,COM,2007,75
Comoros,COM,2008,81
Comoros,COM,2009,83
Comoros,COM,2010,74
Comoros,COM,2011,83
Comoros,COM,2012,89
Comoros,COM,2013,88
Comoros,COM,2014,88
Comoros,COM,2015,91
Comoros,COM,2016,91
Comoros,COM,2017,91
Comoros,COM,2018,91
Comoros,COM,2019,91
Congo,COG,2007,64
Congo,COG,2008,73
Congo,COG,2009,75
Congo,COG,2010,74
Congo,COG,2011,70
Congo,COG,2012,62
Congo,COG,2013,85
Congo,COG,2014,90
Congo,COG,2015,80
Congo,COG,2016,71
Congo,COG,2017,69
Congo,COG,2018,75
Congo,COG,2019,79
Cook Islands,COK,1990,71
Cook Islands,COK,1991,85
Cook Islands,COK,1992,98
Cook Islands,COK,1993,76
Cook Islands,COK,1994,79
Cook Islands,COK,1995,85
Cook Islands,COK,1996,65
Cook Islands,COK,1997,99
Cook Islands,COK,1998,88
Cook Islands,COK,1999,90
Cook Islands,COK,2000,98
Cook Islands,COK,2001,93
Cook Islands,COK,2002,93
Cook Islands,COK,2003,93
Cook Islands,COK,2004,99
Cook Islands,COK,2005,99
Cook Islands,COK,2006,99
Cook Islands,COK,2007,99
Cook Islands,COK,2008,99
Cook Islands,COK,2009,82
Cook Islands,COK,2010,99
Cook Islands,COK,2011,93
Cook Islands,COK,2012,98
Cook Islands,COK,2013,98
Cook Islands,COK,2014,99
Cook Islands,COK,2015,99
Cook Islands,COK,2016,99
Cook Islands,COK,2017,99
Cook Islands,COK,2018,99
Cook Islands,COK,2019,98
Costa Rica,CRI,1997,76
Costa Rica,CRI,1998,86
Costa Rica,CRI,1999,83
Costa Rica,CRI,2000,89
Costa Rica,CRI,2001,80
Costa Rica,CRI,2002,94
Costa Rica,CRI,2003,86
Costa Rica,CRI,2004,89
Costa Rica,CRI,2005,90
Costa Rica,CRI,2006,88
Costa Rica,CRI,2007,89
Costa Rica,CRI,2008,89
Costa Rica,CRI,2009,87
Costa Rica,CRI,2010,89
Costa Rica,CRI,2011,84
Costa Rica,CRI,2012,91
Costa Rica,CRI,2013,94
Costa Rica,CRI,2014,91
Costa Rica,CRI,2015,92
Costa Rica,CRI,2016,97
Costa Rica,CRI,2017,97
Costa Rica,CRI,2018,98
Costa Rica,CRI,2019,98
Cote d'Ivoire,CIV,2001,10
Cote d'Ivoire,CIV,2002,48
Cote d'Ivoire,CIV,2003,63
Cote d'Ivoire,CIV,2004,67
Cote d'Ivoire,CIV,2005,76
Cote d'Ivoire,CIV,2006,77
Cote d'Ivoire,CIV,2007,76
Cote d'Ivoire,CIV,2008,74
Cote d'Ivoire,CIV,2009,81
Cote d'Ivoire,CIV,2010,79
Cote d'Ivoire,CIV,2011,62
Cote d'Ivoire,CIV,2012,82
Cote d'Ivoire,CIV,2013,75
Cote d'Ivoire,CIV,2014,73
Cote d'Ivoire,CIV,2015,79
Cote d'Ivoire,CIV,2016,87
Cote d'Ivoire,CIV,2017,83
Cote d'Ivoire,CIV,2018,86
Cote d'Ivoire,CIV,2019,84
Croatia,HRV,2007,94
Croatia,HRV,2008,97
Croatia,HRV,2009,97
Croatia,HRV,2010,97
Croatia,HRV,2011,96
Croatia,HRV,2012,96
Croatia,HRV,2013,96
Croatia,HRV,2014,95
Croatia,HRV,2015,94
Croatia,HRV,2016,92
Croatia,HRV,2017,92
Croatia,HRV,2018,93
Croatia,HRV,2019,93
Cuba,CUB,1993,84
Cuba,CUB,1994,98
Cuba,CUB,1995,99
Cuba,CUB,1996,99
Cuba,CUB,1997,98
Cuba,CUB,1998,98
Cuba,CUB,1999,99
Cuba,CUB,2000,98
Cuba,CUB,2001,98
Cuba,CUB,2002,98
Cuba,CUB,2003,99
Cuba,CUB,2004,99
Cuba,CUB,2005,95
Cuba,CUB,2006,89
Cuba,CUB,2007,93
Cuba,CUB,2008,95
Cuba,CUB,2009,96
Cuba,CUB,2010,96
Cuba,CUB,2011,96
Cuba,CUB,2012,96
Cuba,CUB,2013,96
Cuba,CUB,2014,97
Cuba,CUB,2015,99
Cuba,CUB,2016,99
Cuba,CUB,2017,99
Cuba,CUB,2018,99
Cuba,CUB,2019,99
Cyprus,CYP,1991,20
Cyprus,CYP,1992,27
Cyprus,CYP,1993,41
Cyprus,CYP,1994,54
Cyprus,CYP,1995,68
Cyprus,CYP,1996,88
Cyprus,CYP,1997,88
Cyprus,CYP,1998,88
Cyprus,CYP,1999,89
Cyprus,CYP,2000,89
Cyprus,CYP,2001,89
Cyprus,CYP,2002,88
Cyprus,CYP,2003,88
Cyprus,CYP,2004,88
Cyprus,CYP,2005,88
Cyprus,CYP,2006,93
Cyprus,CYP,2007,93
Cyprus,CYP,2008,93
Cyprus,CYP,2009,96
Cyprus,CYP,2010,96
Cyprus,CYP,2011,96
Cyprus,CYP,2012,96
Cyprus,CYP,2013,96
Cyprus,CYP,2014,96
Cyprus,CYP,2015,97
Cyprus,CYP,2016,97
Cyprus,CYP,2017,97
Cyprus,CYP,2018,97
Cyprus,CYP,2019,94
Czechia,CZE,2002,86
Czechia,CZE,2003,92
Czechia,CZE,2004,98
Czechia,CZE,2005,99
Czechia,CZE,2006,98
Czechia,CZE,2007,99
Czechia,CZE,2008,99
Czechia,CZE,2009,99
Czechia,CZE,2010,99
Czechia,CZE,2011,99
Czechia,CZE,2012,99
Czechia,CZE,2013,99
Czechia,CZE,2014,99
Czechia,CZE,2015,97
Czechia,CZE,2016,96
Czechia,CZE,2017,94
Czechia,CZE,2018,96
Czechia,CZE,2019,97
Democratic Republic of Congo,COD,2007,70
Democratic Republic of Congo,COD,2008,65
Democratic Republic of Congo,COD,2009,72
Democratic Republic of Congo,COD,2010,60
Democratic Republic of Congo,COD,2011,74
Democratic Republic of Congo,COD,2012,75
Democratic Republic of Congo,COD,2013,68
Democratic Republic of Congo,COD,2014,68
Democratic Republic of Congo,COD,2015,63
Democratic Republic of Congo,COD,2016,57
Democratic Republic of Congo,COD,2017,57
Democratic Republic of Congo,COD,2018,57
Democratic Republic of Congo,COD,2019,57
Djibouti,DJI,2007,25
Djibouti,DJI,2008,88
Djibouti,DJI,2009,89
Djibouti,DJI,2010,88
Djibouti,DJI,2011,87
Djibouti,DJI,2012,81
Djibouti,DJI,2013,82
Djibouti,DJI,2014,78
Djibouti,DJI,2015,84
Djibouti,DJI,2016,68
Djibouti,DJI,2017,76
Djibouti,DJI,2018,84
Djibouti,DJI,2019,85
Dominica,DMA,2006,7
Dominica,DMA,2007,93
Dominica,DMA,2008,96
Dominica,DMA,2009,99
Dominica,DMA,2010,98
Dominica,DMA,2011,98
Dominica,DMA,2012,97
Dominica,DMA,2013,96
Dominica,DMA,2014,97
Dominica,DMA,2015,98
Dominica,DMA,2016,99
Dominica,DMA,2017,91
Dominica,DMA,2018,94
Dominica,DMA,2019,99
Dominican Republic,DOM,1998,62
Dominican Republic,DOM,1999,76
Dominican Republic,DOM,2000,68
Dominican Republic,DOM,2001,66
Dominican Republic,DOM,2002,63
Dominican Republic,DOM,2003,79
Dominican Republic,DOM,2004,82
Dominican Republic,DOM,2005,87
Dominican Republic,DOM,2006,84
Dominican Republic,DOM,2007,81
Dominican Republic,DOM,2008,81
Dominican Republic,DOM,2009,80
Dominican Republic,DOM,2010,83
Dominican Republic,DOM,2011,80
Dominican Republic,DOM,2012,74
Dominican Republic,DOM,2013,80
Dominican Republic,DOM,2014,89
Dominican Republic,DOM,2015,81
Dominican Republic,DOM,2016,80
Dominican Republic,DOM,2017,81
Dominican Republic,DOM,2018,92
Dominican Republic,DOM,2019,87
Eastern Mediterranean,,1985,0
Eastern Mediterranean,,1986,0
Eastern Mediterranean,,1987,0
Eastern Mediterranean,,1988,0
Eastern Mediterranean,,1989,0
Eastern Mediterranean,,1990,3
Eastern Mediterranean,,1991,4
Eastern Mediterranean,,1992,6
Eastern Mediterranean,,1993,7
Eastern Mediterranean,,1994,24
Eastern Mediterranean,,1995,28
Eastern Mediterranean,,1996,30
Eastern Mediterranean,,1997,33
Eastern Mediterranean,,1998,31
Eastern Mediterranean,,1999,36
Eastern Mediterranean,,2000,39
Eastern Mediterranean,,2001,40
Eastern Mediterranean,,2002,41
Eastern Mediterranean,,2003,61
Eastern Mediterranean,,2004,61
Eastern Mediterranean,,2005,66
Eastern Mediterranean,,2006,68
Eastern Mediterranean,,2007,72
Eastern Mediterranean,,2008,73
Eastern Mediterranean,,2009,73
Eastern Mediterranean,,2010,73
Eastern Mediterranean,,2011,78
Eastern Mediterranean,,2012,75
Eastern Mediterranean,,2013,79
Eastern Mediterranean,,2014,79
Eastern Mediterranean,,2015,80
Eastern Mediterranean,,2016,82
Eastern Mediterranean,,2017,82
Eastern Mediterranean,,2018,82
Eastern Mediterranean,,2019,82
Ecuador,ECU,2000,36
Ecuador,ECU,2001,69
Ecuador,ECU,2002,75
Ecuador,ECU,2003,82
Ecuador,ECU,2004,88
Ecuador,ECU,2005,92
Ecuador,ECU,2006,96
Ecuador,ECU,2007,94
Ecuador,ECU,2008,93
Ecuador,ECU,2009,91
Ecuador,ECU,2010,90
Ecuador,ECU,2011,88
Ecuador,ECU,2012,88
Ecuador,ECU,2013,87
Ecuador,ECU,2014,83
Ecuador,ECU,2015,78
Ecuador,ECU,2016,83
Ecuador,ECU,2017,85
Ecuador,ECU,2018,85
Ecuador,ECU,2019,85
Egypt,EGY,1994,57
Egypt,EGY,1995,74
Egypt,EGY,1996,77
Egypt,EGY,1997,81
Egypt,EGY,1998,88
Egypt,EGY,1999,97
Egypt,EGY,2000,98
Egypt,EGY,2001,99
Egypt,EGY,2002,97
Egypt,EGY,2003,98
Egypt,EGY,2004,97
Egypt,EGY,2005,98
Egypt,EGY,2006,98
Egypt,EGY,2007,98
Egypt,EGY,2008,97
Egypt,EGY,2009,97
Egypt,EGY,2010,97
Egypt,EGY,2011,96
Egypt,EGY,2012,93
Egypt,EGY,2013,97
Egypt,EGY,2014,94
Egypt,EGY,2015,93
Egypt,EGY,2016,95
Egypt,EGY,2017,94
Egypt,EGY,2018,95
Egypt,EGY,2019,95
El Salvador,SLV,1999,1
El Salvador,SLV,2000,99
El Salvador,SLV,2001,75
El Salvador,SLV,2002,81
El Salvador,SLV,2003,94
El Salvador,SLV,2004,90
El Salvador,SLV,2005,89
El Salvador,SLV,2006,96
El Salvador,SLV,2007,99
El Salvador,SLV,2008,98
El Salvador,SLV,2009,91
El Salvador,SLV,2010,89
El Salvador,SLV,2011,89
El Salvador,SLV,2012,92
El Salvador,SLV,2013,92
El Salvador,SLV,2014,93
El Salvador,SLV,2015,91
El Salvador,SLV,2016,93
El Salvador,SLV,2017,85
El Salvador,SLV,2018,81
El Salvador,SLV,2019,81
Equatorial Guinea,GNQ,2014,53
Equatorial Guinea,GNQ,2015,40
Equatorial Guinea,GNQ,2016,53
Equatorial Guinea,GNQ,2017,53
Equatorial Guinea,GNQ,2018,53
Equatorial Guinea,GNQ,2019,53
Eritrea,ERI,2002,86
Eritrea,ERI,2003,91
Eritrea,ERI,2004,84
Eritrea,ERI,2005,96
Eritrea,ERI,2006,94
Eritrea,ERI,2007,95
Eritrea,ERI,2008,95
Eritrea,ERI,2009,95
Eritrea,ERI,2010,95
Eritrea,ERI,2011,94
Eritrea,ERI,2012,94
Eritrea,ERI,2013,94
Eritrea,ERI,2014,94
Eritrea,ERI,2015,95
Eritrea,ERI,2016,95
Eritrea,ERI,2017,95
Eritrea,ERI,2018,95
Eritrea,ERI,2019,95
Estonia,EST,2004,90
Estonia,EST,2005,95
Estonia,EST,2006,95
Estonia,EST,2007,95
Estonia,EST,2008,94
Estonia,EST,2009,95
Estonia,EST,2010,94
Estonia,EST,2011,94
Estonia,EST,2012,94
Estonia,EST,2013,93
Estonia,EST,2014,93
Estonia,EST,2015,91
Estonia,EST,2016,93
Estonia,EST,2017,92
Estonia,EST,2018,93
Estonia,EST,2019,91
Eswatini,SWZ,1996,76
Eswatini,SWZ,1997,76
Eswatini,SWZ,1998,78
Eswatini,SWZ,1999,81
Eswatini,SWZ,2000,83
Eswatini,SWZ,2001,86
Eswatini,SWZ,2002,88
Eswatini,SWZ,2003,90
Eswatini,SWZ,2004,93
Eswatini,SWZ,2005,95
Eswatini,SWZ,2006,93
Eswatini,SWZ,2007,92
Eswatini,SWZ,2008,90
Eswatini,SWZ,2009,88
Eswatini,SWZ,2010,89
Eswatini,SWZ,2011,91
Eswatini,SWZ,2012,95
Eswatini,SWZ,2013,98
Eswatini,SWZ,2014,98
Eswatini,SWZ,2015,90
Eswatini,SWZ,2016,90
Eswatini,SWZ,2017,90
Eswatini,SWZ,2018,90
Eswatini,SWZ,2019,90
Ethiopia,ETH,2007,47
Ethiopia,ETH,2008,52
Ethiopia,ETH,2009,56
Ethiopia,ETH,2010,62
Ethiopia,ETH,2011,65
Ethiopia,ETH,2012,62
Ethiopia,ETH,2013,59
Ethiopia,ETH,2014,61
Ethiopia,ETH,2015,63
Ethiopia,ETH,2016,66
Ethiopia,ETH,2017,68
Ethiopia,ETH,2018,68
Ethiopia,ETH,2019,68
Europe,,1985,0
Europe,,1986,0
Europe,,1987,0
Europe,,1988,0
Europe,,1989,0
Europe,,1990,0
Europe,,1991,5
Europe,,1992,6
Europe,,1993,7
Europe,,1994,9
Europe,,1995,12
Europe,,1996,20
Europe,,1997,23
Europe,,1998,28
Europe,,1999,29
Europe,,2000,42
Europe,,2001,49
Europe,,2002,63
Europe,,2003,68
Europe,,2004,73
Europe,,2005,75
Europe,,2006,76
Europe,,2007,78
Europe,,2008,77
Europe,,2009,77
Europe,,2010,78
Europe,,2011,79
Europe,,2012,81
Europe,,2013,82
Europe,,2014,81
Europe,,2015,82
Europe,,2016,82
Europe,,2017,84
Europe,,2018,84
Europe,,2019,92
Fiji,FJI,1993,88
Fiji,FJI,1994,60
Fiji,FJI,1995,82
Fiji,FJI,1996,90
Fiji,FJI,1997,98
Fiji,FJI,1998,98
Fiji,FJI,1999,98
Fiji,FJI,2000,98
Fiji,FJI,2001,98
Fiji,FJI,2002,99
Fiji,FJI,2003,99
Fiji,FJI,2004,99
Fiji,FJI,2005,99
Fiji,FJI,2006,99
Fiji,FJI,2007,99
Fiji,FJI,2008,99
Fiji,FJI,2009,99
Fiji,FJI,2010,99
Fiji,FJI,2011,99
Fiji,FJI,2012,99
Fiji,FJI,2013,99
Fiji,FJI,2014,99
Fiji,FJI,2015,99
Fiji,FJI,2016,99
Fiji,FJI,2017,99
Fiji,FJI,2018,99
Fiji,FJI,2019,99
France,FRA,1998,27
France,FRA,1999,24
France,FRA,2000,26
France,FRA,2001,28
France,FRA,2002,29
France,FRA,2003,28
France,FRA,2004,35
France,FRA,2005,35
France,FRA,2006,39
France,FRA,2007,42
France,FRA,2008,47
France,FRA,2009,51
France,FRA,2010,64
France,FRA,2011,74
France,FRA,2012,78
France,FRA,2013,82
France,FRA,2014,83
France,FRA,2015,88
France,FRA,2016,90
France,FRA,2017,90
France,FRA,2018,91
France,FRA,2019,91
Gabon,GAB,2005,28
Gabon,GAB,2006,52
Gabon,GAB,2007,75
Gabon,GAB,2008,82
Gabon,GAB,2009,79
Gabon,GAB,2010,67
Gabon,GAB,2011,75
Gabon,GAB,2012,82
Gabon,GAB,2013,79
Gabon,GAB,2014,70
Gabon,GAB,2015,80
Gabon,GAB,2016,75
Gabon,GAB,2017,75
Gabon,GAB,2018,70
Gabon,GAB,2019,70
Gambia,GMB,1991,78
Gambia,GMB,1993,56
Gambia,GMB,1994,57
Gambia,GMB,1995,87
Gambia,GMB,1996,88
Gambia,GMB,1997,94
Gambia,GMB,1998,92
Gambia,GMB,1999,93
Gambia,GMB,2000,91
Gambia,GMB,2001,91
Gambia,GMB,2002,92
Gambia,GMB,2003,94
Gambia,GMB,2004,95
Gambia,GMB,2005,95
Gambia,GMB,2006,95
Gambia,GMB,2007,97
Gambia,GMB,2008,98
Gambia,GMB,2009,97
Gambia,GMB,2010,97
Gambia,GMB,2011,96
Gambia,GMB,2012,98
Gambia,GMB,2013,97
Gambia,GMB,2014,96
Gambia,GMB,2015,97
Gambia,GMB,2016,95
Gambia,GMB,2017,92
Gambia,GMB,2018,93
Gambia,GMB,2019,88
Gavi countries,,1985,0
Gavi countries,,1986,0
Gavi countries,,1987,0
Gavi countries,,1988,0
Gavi countries,,1989,0
Gavi countries,,1990,0
Gavi countries,,1991,0
Gavi countries,,1992,2
Gavi countries,,1993,3
Gavi countries,,1994,3
Gavi countries,,1995,4
Gavi countries,,1996,5
Gavi countries,,1997,5
Gavi countries,,1998,5
Gavi countries,,1999,6
Gavi countries,,2000,6
Gavi countries,,2001,6
Gavi countries,,2002,14
Gavi countries,,2003,22
Gavi countries,,2004,27
Gavi countries,,2005,34
Gavi countries,,2006,38
Gavi countries,,2007,46
Gavi countries,,2008,55
Gavi countries,,2009,62
Gavi countries,,2010,61
Gavi countries,,2011,64
Gavi countries,,2012,73
Gavi countries,,2013,72
Gavi countries,,2014,76
Gavi countries,,2015,78
Gavi countries,,2016,80
Gavi countries,,2017,80
Gavi countries,,2018,80
Gavi countries,,2019,81
Georgia,GEO,2000,55
Georgia,GEO,2001,61
Georgia,GEO,2002,51
Georgia,GEO,2003,48
Georgia,GEO,2004,64
Georgia,GEO,2005,79
Georgia,GEO,2006,84
Georgia,GEO,2007,94
Georgia,GEO,2008,89
Georgia,GEO,2009,54
Georgia,GEO,2010,95
Georgia,GEO,2011,89
Georgia,GEO,2012,92
Georgia,GEO,2013,96
Georgia,GEO,2014,91
Georgia,GEO,2015,94
Georgia,GEO,2016,92
Georgia,GEO,2017,91
Georgia,GEO,2018,93
Georgia,GEO,2019,94
Germany,DEU,1993,15
Germany,DEU,1994,32
Germany,DEU,1995,45
Germany,DEU,1996,57
Germany,DEU,1997,71
Germany,DEU,1998,81
Germany,DEU,1999,81
Germany,DEU,2000,84
Germany,DEU,2001,86
Germany,DEU,2002,87
Germany,DEU,2003,90
Germany,DEU,2004,88
Germany,DEU,2005,90
Germany,DEU,2006,87
Germany,DEU,2007,86
Germany,DEU,2008,87
Germany,DEU,2009,88
Germany,DEU,2010,88
Germany,DEU,2011,87
Germany,DEU,2012,87
Germany,DEU,2013,87
Germany,DEU,2014,87
Germany,DEU,2015,87
Germany,DEU,2016,87
Germany,DEU,2017,87
Germany,DEU,2018,87
Germany,DEU,2019,87
Ghana,GHA,2002,80
Ghana,GHA,2003,80
Ghana,GHA,2004,80
Ghana,GHA,2005,84
Ghana,GHA,2006,84
Ghana,GHA,2007,94
Ghana,GHA,2008,93
Ghana,GHA,2009,94
Ghana,GHA,2010,94
Ghana,GHA,2011,91
Ghana,GHA,2012,92
Ghana,GHA,2013,90
Ghana,GHA,2014,98
Ghana,GHA,2015,88
Ghana,GHA,2016,93
Ghana,GHA,2017,99
Ghana,GHA,2018,97
Ghana,GHA,2019,97
Greece,GRC,1991,10
Greece,GRC,1992,15
Greece,GRC,1993,2
Greece,GRC,1994,2
Greece,GRC,1995,12
Greece,GRC,1996,12
Greece,GRC,1997,50
Greece,GRC,1998,69
Greece,GRC,1999,88
Greece,GRC,2000,89
Greece,GRC,2001,90
Greece,GRC,2002,91
Greece,GRC,2003,92
Greece,GRC,2004,92
Greece,GRC,2005,93
Greece,GRC,2006,94
Greece,GRC,2007,95
Greece,GRC,2008,95
Greece,GRC,2009,95
Greece,GRC,2010,95
Greece,GRC,2011,95
Greece,GRC,2012,98
Greece,GRC,2013,98
Greece,GRC,2014,96
Greece,GRC,2015,96
Greece,GRC,2016,96
Greece,GRC,2017,96
Greece,GRC,2018,96
Greece,GRC,2019,96
Grenada,GRD,2001,96
Grenada,GRD,2002,98
Grenada,GRD,2003,97
Grenada,GRD,2004,83
Grenada,GRD,2005,99
Grenada,GRD,2006,91
Grenada,GRD,2007,96
Grenada,GRD,2008,99
Grenada,GRD,2009,99
Grenada,GRD,2010,97
Grenada,GRD,2011,94
Grenada,GRD,2012,97
Grenada,GRD,2013,97
Grenada,GRD,2014,97
Grenada,GRD,2015,92
Grenada,GRD,2016,96
Grenada,GRD,2017,96
Grenada,GRD,2018,95
Grenada,GRD,2019,94
Guatemala,GTM,2005,87
Guatemala,GTM,2006,89
Guatemala,GTM,2007,85
Guatemala,GTM,2008,95
Guatemala,GTM,2009,92
Guatemala,GTM,2010,94
Guatemala,GTM,2011,88
Guatemala,GTM,2012,96
Guatemala,GTM,2013,85
Guatemala,GTM,2014,73
Guatemala,GTM,2015,74
Guatemala,GTM,2016,80
Guatemala,GTM,2017,82
Guatemala,GTM,2018,86
Guatemala,GTM,2019,86
Guinea,GIN,2007,57
Guinea,GIN,2008,57
Guinea,GIN,2009,57
Guinea,GIN,2010,64
Guinea,GIN,2011,63
Guinea,GIN,2012,57
Guinea,GIN,2013,50
Guinea,GIN,2014,44
Guinea,GIN,2015,47
Guinea,GIN,2016,47
Guinea,GIN,2017,45
Guinea,GIN,2018,47
Guinea,GIN,2019,47
Guinea-Bissau,GNB,2009,80
Guinea-Bissau,GNB,2010,82
Guinea-Bissau,GNB,2011,89
Guinea-Bissau,GNB,2012,87
Guinea-Bissau,GNB,2013,87
Guinea-Bissau,GNB,2014,88
Guinea-Bissau,GNB,2015,88
Guinea-Bissau,GNB,2016,88
Guinea-Bissau,GNB,2017,88
Guinea-Bissau,GNB,2018,88
Guinea-Bissau,GNB,2019,84
Guyana,GUY,2001,85
Guyana,GUY,2002,91
Guyana,GUY,2003,90
Guyana,GUY,2004,91
Guyana,GUY,2005,93
Guyana,GUY,2006,93
Guyana,GUY,2007,94
Guyana,GUY,2008,93
Guyana,GUY,2009,98
Guyana,GUY,2010,95
Guyana,GUY,2011,93
Guyana,GUY,2012,97
Guyana,GUY,2013,98
Guyana,GUY,2014,98
Guyana,GUY,2015,95
Guyana,GUY,2016,97
Guyana,GUY,2017,97
Guyana,GUY,2018,95
Guyana,GUY,2019,99
Haiti,HTI,2013,68
Haiti,HTI,2014,63
Haiti,HTI,2015,64
Haiti,HTI,2016,64
Haiti,HTI,2017,64
Haiti,HTI,2018,64
Haiti,HTI,2019,51
High income,,1985,0
High income,,1986,0
High income,,1987,0
High income,,1988,0
High income,,1989,0
High income,,1990,3
High income,,1991,9
High income,,1992,10
High income,,1993,16
High income,,1994,25
High income,,1995,40
High income,,1996,50
High income,,1997,53
High income,,1998,57
High income,,1999,58
High income,,2000,60
High income,,2001,62
High income,,2002,64
High income,,2003,66
High income,,2004,67
High income,,2005,68
High income,,2006,70
High income,,2007,70
High income,,2008,71
High income,,2009,71
High income,,2010,72
High income,,2011,74
High income,,2012,74
High income,,2013,74
High income,,2014,75
High income,,2015,76
High income,,2016,77
High income,,2017,77
High income,,2018,77
High income,,2019,91
Honduras,HND,2000,93
Honduras,HND,2001,95
Honduras,HND,2002,94
Honduras,HND,2003,91
Honduras,HND,2004,93
Honduras,HND,2005,97
Honduras,HND,2006,94
Honduras,HND,2007,93
Honduras,HND,2008,92
Honduras,HND,2009,97
Honduras,HND,2010,97
Honduras,HND,2011,97
Honduras,HND,2012,98
Honduras,HND,2013,98
Honduras,HND,2014,98
Honduras,HND,2015,98
Honduras,HND,2016,94
Honduras,HND,2017,89
Honduras,HND,2018,90
Honduras,HND,2019,87
India,IND,2004,6
India,IND,2005,8
India,IND,2006,6
India,IND,2007,6
India,IND,2008,29
India,IND,2009,37
India,IND,2010,38
India,IND,2011,44
India,IND,2012,73
India,IND,2013,70
India,IND,2014,79
India,IND,2015,87
India,IND,2016,88
India,IND,2017,89
India,IND,2018,90
India,IND,2019,91
Indonesia,IDN,1992,28
Indonesia,IDN,1993,43
Indonesia,IDN,1994,42
Indonesia,IDN,1995,50
Indonesia,IDN,1996,62
Indonesia,IDN,1997,65
Indonesia,IDN,1998,76
Indonesia,IDN,1999,77
Indonesia,IDN,2000,65
Indonesia,IDN,2001,62
Indonesia,IDN,2002,63
Indonesia,IDN,2003,64
Indonesia,IDN,2004,64
Indonesia,IDN,2005,65
Indonesia,IDN,2006,66
Indonesia,IDN,2007,76
Indonesia,IDN,2008,82
Indonesia,IDN,2009,82
Indonesia,IDN,2010,83
Indonesia,IDN,2011,81
Indonesia,IDN,2012,86
Indonesia,IDN,2013,92
Indonesia,IDN,2014,88
Indonesia,IDN,2015,84
Indonesia,IDN,2016,84
Indonesia,IDN,2017,85
Indonesia,IDN,2018,85
Indonesia,IDN,2019,85
Iran,IRN,1994,62
Iran,IRN,1995,59
Iran,IRN,1996,84
Iran,IRN,1997,93
Iran,IRN,1998,94
Iran,IRN,1999,95
Iran,IRN,2000,99
Iran,IRN,2001,94
Iran,IRN,2002,99
Iran,IRN,2003,98
Iran,IRN,2004,95
Iran,IRN,2005,94
Iran,IRN,2006,98
Iran,IRN,2007,97
Iran,IRN,2008,99
Iran,IRN,2009,99
Iran,IRN,2010,99
Iran,IRN,2011,99
Iran,IRN,2012,98
Iran,IRN,2013,99
Iran,IRN,2014,99
Iran,IRN,2015,98
Iran,IRN,2016,99
Iran,IRN,2017,99
Iran,IRN,2018,99
Iran,IRN,2019,99
Iraq,IRQ,1994,40
Iraq,IRQ,1995,57
Iraq,IRQ,1996,22
Iraq,IRQ,1997,65
Iraq,IRQ,1998,3
Iraq,IRQ,1999,52
Iraq,IRQ,2000,67
Iraq,IRQ,2001,66
Iraq,IRQ,2002,65
Iraq,IRQ,2003,63
Iraq,IRQ,2004,62
Iraq,IRQ,2005,65
Iraq,IRQ,2006,59
Iraq,IRQ,2007,56
Iraq,IRQ,2008,66
Iraq,IRQ,2009,75
Iraq,IRQ,2010,72
Iraq,IRQ,2011,78
Iraq,IRQ,2012,62
Iraq,IRQ,2013,68
Iraq,IRQ,2014,69
Iraq,IRQ,2015,68
Iraq,IRQ,2016,73
Iraq,IRQ,2017,85
Iraq,IRQ,2018,84
Iraq,IRQ,2019,84
Ireland,IRL,2010,46
Ireland,IRL,2011,95
Ireland,IRL,2012,95
Ireland,IRL,2013,95
Ireland,IRL,2014,95
Ireland,IRL,2015,95
Ireland,IRL,2016,95
Ireland,IRL,2017,95
Ireland,IRL,2018,94
Ireland,IRL,2019,93
Israel,ISR,1992,92
Israel,ISR,1993,92
Israel,ISR,1994,92
Israel,ISR,1995,93
Israel,ISR,1996,96
Israel,ISR,1997,97
Israel,ISR,1998,97
Israel,ISR,1999,96
Israel,ISR,2000,98
Israel,ISR,2001,96
Israel,ISR,2002,98
Israel,ISR,2003,98
Israel,ISR,2004,99
Israel,ISR,2005,96
Israel,ISR,2006,96
Israel,ISR,2007,99
Israel,ISR,2008,99
Israel,ISR,2009,98
Israel,ISR,2010,97
Israel,ISR,2011,98
Israel,ISR,2012,97
Israel,ISR,2013,97
Israel,ISR,2014,97
Israel,ISR,2015,96
Israel,ISR,2016,95
Israel,ISR,2017,97
Israel,ISR,2018,96
Israel,ISR,2019,96
Italy,ITA,1991,95
Italy,ITA,1992,95
Italy,ITA,1993,95
Italy,ITA,1994,95
Italy,ITA,1995,95
Italy,ITA,1996,95
Italy,ITA,1997,95
Italy,ITA,1998,95
Italy,ITA,1999,97
Italy,ITA,2000,94
Italy,ITA,2001,95
Italy,ITA,2002,95
Italy,ITA,2003,95
Italy,ITA,2004,96
Italy,ITA,2005,96
Italy,ITA,2006,96
Italy,ITA,2007,97
Italy,ITA,2008,96
Italy,ITA,2009,96
Italy,ITA,2010,96
Italy,ITA,2011,96
Italy,ITA,2012,96
Italy,ITA,2013,96
Italy,ITA,2014,95
Italy,ITA,2015,93
Italy,ITA,2016,93
Italy,ITA,2017,94
Italy,ITA,2018,95
Italy,ITA,2019,95
Jamaica,JAM,2003,36
Jamaica,JAM,2004,98
Jamaica,JAM,2005,99
Jamaica,JAM,2006,97
Jamaica,JAM,2007,92
Jamaica,JAM,2008,92
Jamaica,JAM,2009,90
Jamaica,JAM,2010,94
Jamaica,JAM,2011,92
Jamaica,JAM,2012,96
Jamaica,JAM,2013,93
Jamaica,JAM,2014,92
Jamaica,JAM,2015,91
Jamaica,JAM,2016,98
Jamaica,JAM,2017,93
Jamaica,JAM,2018,97
Jamaica,JAM,2019,96
Japan,JPN,2019,99
Jordan,JOR,1995,54
Jordan,JOR,1996,85
Jordan,JOR,1997,90
Jordan,JOR,1998,91
Jordan,JOR,1999,92
Jordan,JOR,2000,93
Jordan,JOR,2001,97
Jordan,JOR,2002,95
Jordan,JOR,2003,97
Jordan,JOR,2004,95
Jordan,JOR,2005,95
Jordan,JOR,2006,98
Jordan,JOR,2007,98
Jordan,JOR,2008,97
Jordan,JOR,2009,98
Jordan,JOR,2010,98
Jordan,JOR,2011,98
Jordan,JOR,2012,98
Jordan,JOR,2013,98
Jordan,JOR,2014,98
Jordan,JOR,2015,99
Jordan,JOR,2016,98
Jordan,JOR,2017,99
Jordan,JOR,2018,96
Jordan,JOR,2019,89
Kazakhstan,KAZ,1998,49
Kazakhstan,KAZ,1999,90
Kazakhstan,KAZ,2000,99
Kazakhstan,KAZ,2001,95
Kazakhstan,KAZ,2002,95
Kazakhstan,KAZ,2003,99
Kazakhstan,KAZ,2004,99
Kazakhstan,KAZ,2005,94
Kazakhstan,KAZ,2006,99
Kazakhstan,KAZ,2007,94
Kazakhstan,KAZ,2008,99
Kazakhstan,KAZ,2009,99
Kazakhstan,KAZ,2010,99
Kazakhstan,KAZ,2011,99
Kazakhstan,KAZ,2012,95
Kazakhstan,KAZ,2013,99
Kazakhstan,KAZ,2014,95
Kazakhstan,KAZ,2015,98
Kazakhstan,KAZ,2016,82
Kazakhstan,KAZ,2017,99
Kazakhstan,KAZ,2018,98
Kazakhstan,KAZ,2019,97
Kenya,KEN,2002,84
Kenya,KEN,2003,73
Kenya,KEN,2004,73
Kenya,KEN,2005,76
Kenya,KEN,2006,80
Kenya,KEN,2007,81
Kenya,KEN,2008,88
Kenya,KEN,2009,88
Kenya,KEN,2010,90
Kenya,KEN,2011,96
Kenya,KEN,2012,94
Kenya,KEN,2013,93
Kenya,KEN,2014,92
Kenya,KEN,2015,89
Kenya,KEN,2016,89
Kenya,KEN,2017,82
Kenya,KEN,2018,92
Kenya,KEN,2019,92
Kiribati,KIR,1990,73
Kiribati,KIR,1991,7
Kiribati,KIR,1992,6
Kiribati,KIR,1993,8
Kiribati,KIR,1994,36
Kiribati,KIR,1995,36
Kiribati,KIR,1996,66
Kiribati,KIR,1997,97
Kiribati,KIR,1998,89
Kiribati,KIR,1999,82
Kiribati,KIR,2000,90
Kiribati,KIR,2001,85
Kiribati,KIR,2002,79
Kiribati,KIR,2003,73
Kiribati,KIR,2004,67
Kiribati,KIR,2005,50
Kiribati,KIR,2006,88
Kiribati,KIR,2007,96
Kiribati,KIR,2008,83
Kiribati,KIR,2009,86
Kiribati,KIR,2010,91
Kiribati,KIR,2011,95
Kiribati,KIR,2012,94
Kiribati,KIR,2013,95
Kiribati,KIR,2014,75
Kiribati,KIR,2015,82
Kiribati,KIR,2016,81
Kiribati,KIR,2017,90
Kiribati,KIR,2018,95
Kiribati,KIR,2019,94
Kuwait,KWT,1992,38
Kuwait,KWT,1993,91
Kuwait,KWT,1994,93
Kuwait,KWT,1995,99
Kuwait,KWT,1996,99
Kuwait,KWT,1997,98
Kuwait,KWT,1998,99
Kuwait,KWT,1999,95
Kuwait,KWT,2000,95
Kuwait,KWT,2001,99
Kuwait,KWT,2002,99
Kuwait,KWT,2003,99
Kuwait,KWT,2004,94
Kuwait,KWT,2005,99
Kuwait,KWT,2006,99
Kuwait,KWT,2007,99
Kuwait,KWT,2008,99
Kuwait,KWT,2009,99
Kuwait,KWT,2010,99
Kuwait,KWT,2011,99
Kuwait,KWT,2012,98
Kuwait,KWT,2013,99
Kuwait,KWT,2014,96
Kuwait,KWT,2015,99
Kuwait,KWT,2016,99
Kuwait,KWT,2017,99
Kuwait,KWT,2018,91
Kuwait,KWT,2019,91
Kyrgyzstan,KGZ,1999,10
Kyrgyzstan,KGZ,2000,44
Kyrgyzstan,KGZ,2001,57
Kyrgyzstan,KGZ,2002,99
Kyrgyzstan,KGZ,2003,99
Kyrgyzstan,KGZ,2004,99
Kyrgyzstan,KGZ,2005,97
Kyrgyzstan,KGZ,2006,90
Kyrgyzstan,KGZ,2007,94
Kyrgyzstan,KGZ,2008,97
Kyrgyzstan,KGZ,2009,96
Kyrgyzstan,KGZ,2010,96
Kyrgyzstan,KGZ,2011,96
Kyrgyzstan,KGZ,2012,96
Kyrgyzstan,KGZ,2013,97
Kyrgyzstan,KGZ,2014,96
Kyrgyzstan,KGZ,2015,97
Kyrgyzstan,KGZ,2016,96
Kyrgyzstan,KGZ,2017,92
Kyrgyzstan,KGZ,2018,94
Kyrgyzstan,KGZ,2019,95
Laos,LAO,2003,50
Laos,LAO,2004,45
Laos,LAO,2005,49
Laos,LAO,2006,57
Laos,LAO,2007,50
Laos,LAO,2008,61
Laos,LAO,2009,67
Laos,LAO,2010,74
Laos,LAO,2011,78
Laos,LAO,2012,79
Laos,LAO,2013,87
Laos,LAO,2014,88
Laos,LAO,2015,81
Laos,LAO,2016,66
Laos,LAO,2017,69
Laos,LAO,2018,68
Laos,LAO,2019,68
Latvia,LVA,1998,9
Latvia,LVA,1999,94
Latvia,LVA,2000,95
Latvia,LVA,2001,96
Latvia,LVA,2002,98
Latvia,LVA,2003,98
Latvia,LVA,2004,98
Latvia,LVA,2005,99
Latvia,LVA,2006,94
Latvia,LVA,2007,91
Latvia,LVA,2008,93
Latvia,LVA,2009,92
Latvia,LVA,2010,91
Latvia,LVA,2011,89
Latvia,LVA,2012,90
Latvia,LVA,2013,94
Latvia,LVA,2014,92
Latvia,LVA,2015,94
Latvia,LVA,2016,98
Latvia,LVA,2017,98
Latvia,LVA,2018,96
Latvia,LVA,2019,99
Lebanon,LBN,1999,86
Lebanon,LBN,2000,83
Lebanon,LBN,2001,80
Lebanon,LBN,2002,77
Lebanon,LBN,2003,74
Lebanon,LBN,2004,75
Lebanon,LBN,2005,77
Lebanon,LBN,2006,78
Lebanon,LBN,2007,80
Lebanon,LBN,2008,81
Lebanon,LBN,2009,81
Lebanon,LBN,2010,81
Lebanon,LBN,2011,80
Lebanon,LBN,2012,80
Lebanon,LBN,2013,80
Lebanon,LBN,2014,80
Lebanon,LBN,2015,80
Lebanon,LBN,2016,80
Lebanon,LBN,2017,80
Lebanon,LBN,2018,80
Lebanon,LBN,2019,80
Lesotho,LSO,2003,17
Lesotho,LSO,2004,60
Lesotho,LSO,2005,87
Lesotho,LSO,2006,91
Lesotho,LSO,2007,90
Lesotho,LSO,2008,88
Lesotho,LSO,2009,91
Lesotho,LSO,2010,93
Lesotho,LSO,2011,96
Lesotho,LSO,2012,95
Lesotho,LSO,2013,93
Lesotho,LSO,2014,88
Lesotho,LSO,2015,83
Lesotho,LSO,2016,87
Lesotho,LSO,2017,87
Lesotho,LSO,2018,87
Lesotho,LSO,2019,87
Liberia,LBR,2008,75
Liberia,LBR,2009,81
Liberia,LBR,2010,70
Liberia,LBR,2011,77
Liberia,LBR,2012,80
Liberia,LBR,2013,80
Liberia,LBR,2014,63
Liberia,LBR,2015,80
Liberia,LBR,2016,84
Liberia,LBR,2017,84
Liberia,LBR,2018,84
Liberia,LBR,2019,74
Libya,LBY,1992,88
Libya,LBY,1993,91
Libya,LBY,1994,92
Libya,LBY,1995,92
Libya,LBY,1996,93
Libya,LBY,1997,91
Libya,LBY,1998,92
Libya,LBY,1999,92
Libya,LBY,2000,92
Libya,LBY,2001,93
Libya,LBY,2002,91
Libya,LBY,2003,96
Libya,LBY,2004,99
Libya,LBY,2005,97
Libya,LBY,2006,98
Libya,LBY,2007,98
Libya,LBY,2008,98
Libya,LBY,2009,98
Libya,LBY,2010,98
Libya,LBY,2011,98
Libya,LBY,2012,98
Libya,LBY,2013,96
Libya,LBY,2014,94
Libya,LBY,2015,97
Libya,LBY,2016,97
Libya,LBY,2017,96
Libya,LBY,2018,73
Libya,LBY,2019,73
Lithuania,LTU,1998,73
Lithuania,LTU,1999,96
Lithuania,LTU,2000,98
Lithuania,LTU,2001,95
Lithuania,LTU,2002,94
Lithuania,LTU,2003,95
Lithuania,LTU,2004,94
Lithuania,LTU,2005,95
Lithuania,LTU,2006,95
Lithuania,LTU,2007,96
Lithuania,LTU,2008,96
Lithuania,LTU,2009,95
Lithuania,LTU,2010,94
Lithuania,LTU,2011,95
Lithuania,LTU,2012,93
Lithuania,LTU,2013,93
Lithuania,LTU,2014,94
Lithuania,LTU,2015,94
Lithuania,LTU,2016,95
Lithuania,LTU,2017,94
Lithuania,LTU,2018,93
Lithuania,LTU,2019,92
Low income,,1985,0
Low income,,1986,0
Low income,,1987,0
Low income,,1988,0
Low income,,1989,0
Low income,,1990,0
Low income,,1991,0
Low income,,1992,0
Low income,,1993,1
Low income,,1994,2
Low income,,1995,3
Low income,,1996,3
Low income,,1997,3
Low income,,1998,3
Low income,,1999,3
Low income,,2000,3
Low income,,2001,5
Low income,,2002,16
Low income,,2003,22
Low income,,2004,27
Low income,,2005,31
Low income,,2006,37
Low income,,2007,62
Low income,,2008,63
Low income,,2009,69
Low income,,2010,69
Low income,,2011,71
Low income,,2012,70
Low income,,2013,71
Low income,,2014,71
Low income,,2015,72
Low income,,2016,72
Low income,,2017,73
Low income,,2018,73
Low income,,2019,74
Low income (non-Gavi countries),,1985,0
Low income (non-Gavi countries),,1986,0
Low income (non-Gavi countries),,1987,0
Low income (non-Gavi countries),,1988,0
Low income (non-Gavi countries),,1989,0
Low income (non-Gavi countries),,1990,0
Low income (non-Gavi countries),,1991,0
Low income (non-Gavi countries),,1992,5
Low income (non-Gavi countries),,1993,23
Low income (non-Gavi countries),,1994,64
Low income (non-Gavi countries),,1995,74
Low income (non-Gavi countries),,1996,75
Low income (non-Gavi countries),,1997,76
Low income (non-Gavi countries),,1998,77
Low income (non-Gavi countries),,1999,78
Low income (non-Gavi countries),,2000,79
Low income (non-Gavi countries),,2001,80
Low income (non-Gavi countries),,2002,80
Low income (non-Gavi countries),,2003,81
Low income (non-Gavi countries),,2004,82
Low income (non-Gavi countries),,2005,83
Low income (non-Gavi countries),,2006,83
Low income (non-Gavi countries),,2007,83
Low income (non-Gavi countries),,2008,83
Low income (non-Gavi countries),,2009,84
Low income (non-Gavi countries),,2010,84
Low income (non-Gavi countries),,2011,66
Low income (non-Gavi countries),,2012,43
Low income (non-Gavi countries),,2013,71
Low income (non-Gavi countries),,2014,47
Low income (non-Gavi countries),,2015,41
Low income (non-Gavi countries),,2016,42
Low income (non-Gavi countries),,2017,48
Low income (non-Gavi countries),,2018,47
Low income (non-Gavi countries),,2019,54
Luxembourg,LUX,1997,49
Luxembourg,LUX,1998,58
Luxembourg,LUX,1999,67
Luxembourg,LUX,2000,77
Luxembourg,LUX,2001,86
Luxembourg,LUX,2002,95
Luxembourg,LUX,2003,95
Luxembourg,LUX,2004,94
Luxembourg,LUX,2005,95
Luxembourg,LUX,2006,95
Luxembourg,LUX,2007,87
Luxembourg,LUX,2008,94
Luxembourg,LUX,2009,95
Luxembourg,LUX,2010,94
Luxembourg,LUX,2011,95
Luxembourg,LUX,2012,94
Luxembourg,LUX,2013,94
Luxembourg,LUX,2014,94
Luxembourg,LUX,2015,94
Luxembourg,LUX,2016,94
Luxembourg,LUX,2017,94
Luxembourg,LUX,2018,96
Luxembourg,LUX,2019,96
Madagascar,MDG,2002,51
Madagascar,MDG,2003,61
Madagascar,MDG,2004,71
Madagascar,MDG,2005,81
Madagascar,MDG,2006,82
Madagascar,MDG,2007,84
Madagascar,MDG,2008,77
Madagascar,MDG,2009,77
Madagascar,MDG,2010,70
Madagascar,MDG,2011,73
Madagascar,MDG,2012,70
Madagascar,MDG,2013,74
Madagascar,MDG,2014,73
Madagascar,MDG,2015,69
Madagascar,MDG,2016,77
Madagascar,MDG,2017,74
Madagascar,MDG,2018,75
Madagascar,MDG,2019,79
Malawi,MWI,2002,64
Malawi,MWI,2003,84
Malawi,MWI,2004,89
Malawi,MWI,2005,93
Malawi,MWI,2006,99
Malawi,MWI,2007,87
Malawi,MWI,2008,91
Malawi,MWI,2009,93
Malawi,MWI,2010,93
Malawi,MWI,2011,97
Malawi,MWI,2012,96
Malawi,MWI,2013,89
Malawi,MWI,2014,91
Malawi,MWI,2015,88
Malawi,MWI,2016,84
Malawi,MWI,2017,88
Malawi,MWI,2018,92
Malawi,MWI,2019,95
Malaysia,MYS,1989,69
Malaysia,MYS,1990,86
Malaysia,MYS,1991,89
Malaysia,MYS,1992,86
Malaysia,MYS,1993,86
Malaysia,MYS,1994,94
Malaysia,MYS,1995,96
Malaysia,MYS,1996,96
Malaysia,MYS,1997,97
Malaysia,MYS,1998,96
Malaysia,MYS,1999,96
Malaysia,MYS,2000,97
Malaysia,MYS,2001,95
Malaysia,MYS,2002,95
Malaysia,MYS,2003,95
Malaysia,MYS,2004,94
Malaysia,MYS,2005,96
Malaysia,MYS,2006,95
Malaysia,MYS,2007,96
Malaysia,MYS,2008,97
Malaysia,MYS,2009,96
Malaysia,MYS,2010,96
Malaysia,MYS,2011,96
Malaysia,MYS,2012,97
Malaysia,MYS,2013,96
Malaysia,MYS,2014,96
Malaysia,MYS,2015,99
Malaysia,MYS,2016,98
Malaysia,MYS,2017,98
Malaysia,MYS,2018,99
Malaysia,MYS,2019,97
Maldives,MDV,1993,21
Maldives,MDV,1994,63
Maldives,MDV,1995,80
Maldives,MDV,1996,96
Maldives,MDV,1997,50
Maldives,MDV,1998,45
Maldives,MDV,1999,90
Maldives,MDV,2000,96
Maldives,MDV,2001,98
Maldives,MDV,2002,98
Maldives,MDV,2003,98
Maldives,MDV,2004,97
Maldives,MDV,2005,98
Maldives,MDV,2006,98
Maldives,MDV,2007,98
Maldives,MDV,2008,98
Maldives,MDV,2009,98
Maldives,MDV,2010,97
Maldives,MDV,2011,96
Maldives,MDV,2012,99
Maldives,MDV,2013,99
Maldives,MDV,2014,99
Maldives,MDV,2015,99
Maldives,MDV,2016,99
Maldives,MDV,2017,99
Maldives,MDV,2018,99
Maldives,MDV,2019,99
Mali,MLI,2003,79
Mali,MLI,2004,73
Mali,MLI,2005,83
Mali,MLI,2006,90
Mali,MLI,2007,74
Mali,MLI,2008,74
Mali,MLI,2009,71
Mali,MLI,2010,72
Mali,MLI,2011,66
Mali,MLI,2012,65
Mali,MLI,2013,64
Mali,MLI,2014,66
Mali,MLI,2015,71
Mali,MLI,2016,76
Mali,MLI,2017,77
Mali,MLI,2018,77
Mali,MLI,2019,77
Malta,MLT,2003,89
Malta,MLT,2004,85
Malta,MLT,2005,85
Malta,MLT,2006,86
Malta,MLT,2007,82
Malta,MLT,2008,86
Malta,MLT,2009,86
Malta,MLT,2010,75
Malta,MLT,2011,82
Malta,MLT,2012,93
Malta,MLT,2013,94
Malta,MLT,2014,90
Malta,MLT,2015,95
Malta,MLT,2016,97
Malta,MLT,2017,88
Malta,MLT,2018,98
Malta,MLT,2019,98
Marshall Islands,MHL,1989,3
Marshall Islands,MHL,1990,10
Marshall Islands,MHL,1991,17
Marshall Islands,MHL,1992,24
Marshall Islands,MHL,1993,17
Marshall Islands,MHL,1994,46
Marshall Islands,MHL,1995,47
Marshall Islands,MHL,1996,68
Marshall Islands,MHL,1997,70
Marshall Islands,MHL,1998,80
Marshall Islands,MHL,1999,80
Marshall Islands,MHL,2000,38
Marshall Islands,MHL,2001,76
Marshall Islands,MHL,2002,80
Marshall Islands,MHL,2003,74
Marshall Islands,MHL,2004,72
Marshall Islands,MHL,2005,89
Marshall Islands,MHL,2006,97
Marshall Islands,MHL,2007,93
Marshall Islands,MHL,2008,97
Marshall Islands,MHL,2009,99
Marshall Islands,MHL,2010,97
Marshall Islands,MHL,2011,89
Marshall Islands,MHL,2012,80
Marshall Islands,MHL,2013,80
Marshall Islands,MHL,2014,79
Marshall Islands,MHL,2015,85
Marshall Islands,MHL,2016,73
Marshall Islands,MHL,2017,82
Marshall Islands,MHL,2018,84
Marshall Islands,MHL,2019,82
Mauritania,MRT,2005,42
Mauritania,MRT,2006,68
Mauritania,MRT,2007,74
Mauritania,MRT,2008,74
Mauritania,MRT,2009,64
Mauritania,MRT,2010,64
Mauritania,MRT,2011,75
Mauritania,MRT,2012,80
Mauritania,MRT,2013,80
Mauritania,MRT,2014,81
Mauritania,MRT,2015,73
Mauritania,MRT,2016,74
Mauritania,MRT,2017,81
Mauritania,MRT,2018,81
Mauritania,MRT,2019,81
Mauritius,MUS,1997,90
Mauritius,MUS,1998,90
Mauritius,MUS,1999,85
Mauritius,MUS,2000,88
Mauritius,MUS,2001,92
Mauritius,MUS,2002,88
Mauritius,MUS,2003,97
Mauritius,MUS,2004,98
Mauritius,MUS,2005,97
Mauritius,MUS,2006,97
Mauritius,MUS,2007,97
Mauritius,MUS,2008,99
Mauritius,MUS,2009,99
Mauritius,MUS,2010,99
Mauritius,MUS,2011,98
Mauritius,MUS,2012,98
Mauritius,MUS,2013,98
Mauritius,MUS,2014,97
Mauritius,MUS,2015,97
Mauritius,MUS,2016,72
Mauritius,MUS,2017,96
Mauritius,MUS,2018,97
Mauritius,MUS,2019,97
Mexico,MEX,2000,97
Mexico,MEX,2001,97
Mexico,MEX,2002,97
Mexico,MEX,2003,98
Mexico,MEX,2004,98
Mexico,MEX,2005,98
Mexico,MEX,2006,98
Mexico,MEX,2007,98
Mexico,MEX,2008,97
Mexico,MEX,2009,95
Mexico,MEX,2010,93
Mexico,MEX,2011,98
Mexico,MEX,2012,99
Mexico,MEX,2013,82
Mexico,MEX,2014,84
Mexico,MEX,2015,82
Mexico,MEX,2016,93
Mexico,MEX,2017,58
Mexico,MEX,2018,55
Mexico,MEX,2019,56
Micronesia,,1989,47
Micronesia,,1990,56
Micronesia,,1991,65
Micronesia,,1992,73
Micronesia,,1993,82
Micronesia,,1994,82
Micronesia,,1995,82
Micronesia,,1996,80
Micronesia,,1997,78
Micronesia,,1998,79
Micronesia,,1999,77
Micronesia,,2000,87
Micronesia,,2001,81
Micronesia,,2002,85
Micronesia,,2003,89
Micronesia,,2004,80
Micronesia,,2005,91
Micronesia,,2006,84
Micronesia,,2007,90
Micronesia,,2008,89
Micronesia,,2009,89
Micronesia,,2010,88
Micronesia,,2011,83
Micronesia,,2012,82
Micronesia,,2013,83
Micronesia,,2014,81
Micronesia,,2015,78
Micronesia,,2016,76
Micronesia,,2017,80
Micronesia,,2018,83
Micronesia,,2019,84
Middle income,,1985,0
Middle income,,1986,0
Middle income,,1987,0
Middle income,,1988,0
Middle income,,1989,0
Middle income,,1990,0
Middle income,,1991,1
Middle income,,1992,2
Middle income,,1993,3
Middle income,,1994,6
Middle income,,1995,9
Middle income,,1996,10
Middle income,,1997,11
Middle income,,1998,12
Middle income,,1999,15
Middle income,,2000,30
Middle income,,2001,33
Middle income,,2002,38
Middle income,,2003,45
Middle income,,2004,50
Middle income,,2005,56
Middle income,,2006,60
Middle income,,2007,62
Middle income,,2008,70
Middle income,,2009,74
Middle income,,2010,74
Middle income,,2011,75
Middle income,,2012,83
Middle income,,2013,82
Middle income,,2014,84
Middle income,,2015,86
Middle income,,2016,87
Middle income,,2017,86
Middle income,,2018,86
Middle income,,2019,86
Middle-income (non-Gavi countries),,1985,0
Middle-income (non-Gavi countries),,1986,0
Middle-income (non-Gavi countries),,1987,0
Middle-income (non-Gavi countries),,1988,0
Middle-income (non-Gavi countries),,1989,1
Middle-income (non-Gavi countries),,1990,1
Middle-income (non-Gavi countries),,1991,1
Middle-income (non-Gavi countries),,1992,2
Middle-income (non-Gavi countries),,1993,3
Middle-income (non-Gavi countries),,1994,8
Middle-income (non-Gavi countries),,1995,14
Middle-income (non-Gavi countries),,1996,16
Middle-income (non-Gavi countries),,1997,18
Middle-income (non-Gavi countries),,1998,18
Middle-income (non-Gavi countries),,1999,26
Middle-income (non-Gavi countries),,2000,61
Middle-income (non-Gavi countries),,2001,68
Middle-income (non-Gavi countries),,2002,72
Middle-income (non-Gavi countries),,2003,78
Middle-income (non-Gavi countries),,2004,82
Middle-income (non-Gavi countries),,2005,86
Middle-income (non-Gavi countries),,2006,90
Middle-income (non-Gavi countries),,2007,92
Middle-income (non-Gavi countries),,2008,93
Middle-income (non-Gavi countries),,2009,95
Middle-income (non-Gavi countries),,2010,94
Middle-income (non-Gavi countries),,2011,95
Middle-income (non-Gavi countries),,2012,95
Middle-income (non-Gavi countries),,2013,94
Middle-income (non-Gavi countries),,2014,93
Middle-income (non-Gavi countries),,2015,93
Middle-income (non-Gavi countries),,2016,94
Middle-income (non-Gavi countries),,2017,92
Middle-income (non-Gavi countries),,2018,91
Middle-income (non-Gavi countries),,2019,90
Moldova,MDA,1995,19
Moldova,MDA,1996,81
Moldova,MDA,1997,87
Moldova,MDA,1998,93
Moldova,MDA,1999,94
Moldova,MDA,2000,92
Moldova,MDA,2001,94
Moldova,MDA,2002,99
Moldova,MDA,2003,99
Moldova,MDA,2004,99
Moldova,MDA,2005,99
Moldova,MDA,2006,98
Moldova,MDA,2007,95
Moldova,MDA,2008,97
Moldova,MDA,2009,89
Moldova,MDA,2010,98
Moldova,MDA,2011,96
Moldova,MDA,2012,94
Moldova,MDA,2013,91
Moldova,MDA,2014,92
Moldova,MDA,2015,88
Moldova,MDA,2016,90
Moldova,MDA,2017,89
Moldova,MDA,2018,94
Moldova,MDA,2019,94
Monaco,MCO,1999,99
Monaco,MCO,2000,99
Monaco,MCO,2001,99
Monaco,MCO,2002,99
Monaco,MCO,2003,99
Monaco,MCO,2004,99
Monaco,MCO,2005,99
Monaco,MCO,2006,99
Monaco,MCO,2007,99
Monaco,MCO,2008,99
Monaco,MCO,2009,99
Monaco,MCO,2010,99
Monaco,MCO,2011,99
Monaco,MCO,2012,99
Monaco,MCO,2013,99
Monaco,MCO,2014,99
Monaco,MCO,2015,99
Monaco,MCO,2016,99
Monaco,MCO,2017,99
Monaco,MCO,2018,99
Monaco,MCO,2019,99
Mongolia,MNG,1991,18
Mongolia,MNG,1992,47
Mongolia,MNG,1993,69
Mongolia,MNG,1994,67
Mongolia,MNG,1995,88
Mongolia,MNG,1996,93
Mongolia,MNG,1997,88
Mongolia,MNG,1998,91
Mongolia,MNG,1999,92
Mongolia,MNG,2000,93
Mongolia,MNG,2001,95
Mongolia,MNG,2002,98
Mongolia,MNG,2003,98
Mongolia,MNG,2004,98
Mongolia,MNG,2005,98
Mongolia,MNG,2006,98
Mongolia,MNG,2007,98
Mongolia,MNG,2008,96
Mongolia,MNG,2009,97
Mongolia,MNG,2010,96
Mongolia,MNG,2011,99
Mongolia,MNG,2012,99
Mongolia,MNG,2013,98
Mongolia,MNG,2014,99
Mongolia,MNG,2015,99
Mongolia,MNG,2016,99
Mongolia,MNG,2017,99
Mongolia,MNG,2018,99
Mongolia,MNG,2019,98
Montenegro,MNE,2006,90
Montenegro,MNE,2007,90
Montenegro,MNE,2008,93
Montenegro,MNE,2009,87
Montenegro,MNE,2010,90
Montenegro,MNE,2011,91
Montenegro,MNE,2012,90
Montenegro,MNE,2013,90
Montenegro,MNE,2014,87
Montenegro,MNE,2015,82
Montenegro,MNE,2016,75
Montenegro,MNE,2017,73
Montenegro,MNE,2018,72
Montenegro,MNE,2019,72
Morocco,MAR,1999,10
Morocco,MAR,2000,43
Morocco,MAR,2001,84
Morocco,MAR,2002,92
Morocco,MAR,2003,90
Morocco,MAR,2004,95
Morocco,MAR,2005,96
Morocco,MAR,2006,95
Morocco,MAR,2007,95
Morocco,MAR,2008,97
Morocco,MAR,2009,98
Morocco,MAR,2010,98
Morocco,MAR,2011,98
Morocco,MAR,2012,99
Morocco,MAR,2013,99
Morocco,MAR,2014,99
Morocco,MAR,2015,99
Morocco,MAR,2016,99
Morocco,MAR,2017,99
Morocco,MAR,2018,99
Morocco,MAR,2019,99
Mozambique,MOZ,2001,25
Mozambique,MOZ,2002,76
Mozambique,MOZ,2003,76
Mozambique,MOZ,2004,76
Mozambique,MOZ,2005,75
Mozambique,MOZ,2006,75
Mozambique,MOZ,2007,75
Mozambique,MOZ,2008,75
Mozambique,MOZ,2009,74
Mozambique,MOZ,2010,74
Mozambique,MOZ,2011,78
Mozambique,MOZ,2012,81
Mozambique,MOZ,2013,85
Mozambique,MOZ,2014,88
Mozambique,MOZ,2015,88
Mozambique,MOZ,2016,88
Mozambique,MOZ,2017,88
Mozambique,MOZ,2018,88
Mozambique,MOZ,2019,88
Myanmar,MMR,2003,8
Myanmar,MMR,2004,39
Myanmar,MMR,2005,62
Myanmar,MMR,2006,75
Myanmar,MMR,2007,85
Myanmar,MMR,2008,85
Myanmar,MMR,2009,91
Myanmar,MMR,2010,92
Myanmar,MMR,2011,40
Myanmar,MMR,2012,58
Myanmar,MMR,2013,75
Myanmar,MMR,2014,88
Myanmar,MMR,2015,89
Myanmar,MMR,2016,90
Myanmar,MMR,2017,89
Myanmar,MMR,2018,91
Myanmar,MMR,2019,90
Namibia,NAM,2010,83
Namibia,NAM,2011,82
Namibia,NAM,2012,84
Namibia,NAM,2013,89
Namibia,NAM,2014,88
Namibia,NAM,2015,92
Namibia,NAM,2016,85
Namibia,NAM,2017,88
Namibia,NAM,2018,89
Namibia,NAM,2019,87
Nauru,NRU,1991,79
Nauru,NRU,1992,90
Nauru,NRU,1993,99
Nauru,NRU,1994,79
Nauru,NRU,1995,57
Nauru,NRU,1996,72
Nauru,NRU,1997,86
Nauru,NRU,1998,29
Nauru,NRU,1999,62
Nauru,NRU,2000,58
Nauru,NRU,2001,95
Nauru,NRU,2002,75
Nauru,NRU,2003,77
Nauru,NRU,2004,78
Nauru,NRU,2005,80
Nauru,NRU,2006,99
Nauru,NRU,2007,99
Nauru,NRU,2008,99
Nauru,NRU,2009,99
Nauru,NRU,2010,99
Nauru,NRU,2011,99
Nauru,NRU,2012,79
Nauru,NRU,2013,87
Nauru,NRU,2014,95
Nauru,NRU,2015,91
Nauru,NRU,2016,97
Nauru,NRU,2017,87
Nauru,NRU,2018,90
Nauru,NRU,2019,96
Nepal,NPL,2003,2
Nepal,NPL,2004,27
Nepal,NPL,2005,41
Nepal,NPL,2006,69
Nepal,NPL,2007,82
Nepal,NPL,2008,82
Nepal,NPL,2009,89
Nepal,NPL,2010,82
Nepal,NPL,2011,92
Nepal,NPL,2012,90
Nepal,NPL,2013,92
Nepal,NPL,2014,92
Nepal,NPL,2015,91
Nepal,NPL,2016,87
Nepal,NPL,2017,90
Nepal,NPL,2018,91
Nepal,NPL,2019,93
Netherlands,NLD,2011,20
Netherlands,NLD,2012,20
Netherlands,NLD,2013,51
Netherlands,NLD,2014,94
Netherlands,NLD,2015,94
Netherlands,NLD,2016,93
Netherlands,NLD,2017,92
Netherlands,NLD,2018,92
Netherlands,NLD,2019,92
New Zealand,NZL,1992,67
New Zealand,NZL,1993,74
New Zealand,NZL,1994,81
New Zealand,NZL,1995,88
New Zealand,NZL,1996,94
New Zealand,NZL,1997,99
New Zealand,NZL,1998,87
New Zealand,NZL,1999,89
New Zealand,NZL,2000,90
New Zealand,NZL,2001,90
New Zealand,NZL,2002,89
New Zealand,NZL,2003,89
New Zealand,NZL,2004,88
New Zealand,NZL,2005,87
New Zealand,NZL,2006,87
New Zealand,NZL,2007,88
New Zealand,NZL,2008,90
New Zealand,NZL,2009,93
New Zealand,NZL,2010,90
New Zealand,NZL,2011,95
New Zealand,NZL,2012,93
New Zealand,NZL,2013,93
New Zealand,NZL,2014,93
New Zealand,NZL,2015,92
New Zealand,NZL,2016,92
New Zealand,NZL,2017,94
New Zealand,NZL,2018,93
New Zealand,NZL,2019,92
Nicaragua,NIC,1999,80
Nicaragua,NIC,2000,83
Nicaragua,NIC,2001,87
Nicaragua,NIC,2002,85
Nicaragua,NIC,2003,86
Nicaragua,NIC,2004,79
Nicaragua,NIC,2005,86
Nicaragua,NIC,2006,88
Nicaragua,NIC,2007,93
Nicaragua,NIC,2008,97
Nicaragua,NIC,2009,98
Nicaragua,NIC,2010,98
Nicaragua,NIC,2011,98
Nicaragua,NIC,2012,98
Nicaragua,NIC,2013,98
Nicaragua,NIC,2014,98
Nicaragua,NIC,2015,98
Nicaragua,NIC,2016,98
Nicaragua,NIC,2017,98
Nicaragua,NIC,2018,98
Nicaragua,NIC,2019,98
Niger,NER,2009,71
Niger,NER,2010,70
Niger,NER,2011,75
Niger,NER,2012,71
Niger,NER,2013,73
Niger,NER,2014,81
Niger,NER,2015,84
Niger,NER,2016,80
Niger,NER,2017,85
Niger,NER,2018,79
Niger,NER,2019,81
Nigeria,NGA,2005,18
Nigeria,NGA,2006,27
Nigeria,NGA,2007,42
Nigeria,NGA,2008,41
Nigeria,NGA,2009,63
Nigeria,NGA,2010,49
Nigeria,NGA,2011,46
Nigeria,NGA,2012,42
Nigeria,NGA,2013,43
Nigeria,NGA,2014,43
Nigeria,NGA,2015,42
Nigeria,NGA,2016,53
Nigeria,NGA,2017,55
Nigeria,NGA,2018,56
Nigeria,NGA,2019,57
Niue,NIU,1991,99
Niue,NIU,1992,99
Niue,NIU,1993,99
Niue,NIU,1994,99
Niue,NIU,1995,90
Niue,NIU,1996,99
Niue,NIU,1997,99
Niue,NIU,1998,99
Niue,NIU,1999,99
Niue,NIU,2000,99
Niue,NIU,2001,99
Niue,NIU,2002,99
Niue,NIU,2003,95
Niue,NIU,2004,99
Niue,NIU,2005,86
Niue,NIU,2006,99
Niue,NIU,2007,99
Niue,NIU,2008,99
Niue,NIU,2009,99
Niue,NIU,2010,99
Niue,NIU,2011,99
Niue,NIU,2012,99
Niue,NIU,2013,99
Niue,NIU,2014,99
Niue,NIU,2015,99
Niue,NIU,2016,99
Niue,NIU,2017,99
Niue,NIU,2018,99
Niue,NIU,2019,99
North Korea,PRK,2003,27
North Korea,PRK,2004,98
North Korea,PRK,2005,92
North Korea,PRK,2006,96
North Korea,PRK,2007,92
North Korea,PRK,2008,92
North Korea,PRK,2009,93
North Korea,PRK,2010,93
North Korea,PRK,2011,94
North Korea,PRK,2012,96
North Korea,PRK,2013,93
North Korea,PRK,2014,93
North Korea,PRK,2015,96
North Korea,PRK,2016,96
North Korea,PRK,2017,97
North Korea,PRK,2018,97
North Korea,PRK,2019,97
North Macedonia,MKD,2005,53
North Macedonia,MKD,2006,89
North Macedonia,MKD,2007,96
North Macedonia,MKD,2008,97
North Macedonia,MKD,2009,95
North Macedonia,MKD,2010,90
North Macedonia,MKD,2011,96
North Macedonia,MKD,2012,98
North Macedonia,MKD,2013,97
North Macedonia,MKD,2014,97
North Macedonia,MKD,2015,92
North Macedonia,MKD,2016,94
North Macedonia,MKD,2017,91
North Macedonia,MKD,2018,92
North Macedonia,MKD,2019,92
Norway,NOR,2019,96
Oman,OMN,1991,94
Oman,OMN,1992,99
Oman,OMN,1993,96
Oman,OMN,1994,99
Oman,OMN,1995,99
Oman,OMN,1996,99
Oman,OMN,1997,99
Oman,OMN,1998,99
Oman,OMN,1999,99
Oman,OMN,2000,99
Oman,OMN,2001,99
Oman,OMN,2002,99
Oman,OMN,2003,99
Oman,OMN,2004,99
Oman,OMN,2005,99
Oman,OMN,2006,99
Oman,OMN,2007,99
Oman,OMN,2008,99
Oman,OMN,2009,98
Oman,OMN,2010,99
Oman,OMN,2011,99
Oman,OMN,2012,98
Oman,OMN,2013,98
Oman,OMN,2014,99
Oman,OMN,2015,99
Oman,OMN,2016,99
Oman,OMN,2017,99
Oman,OMN,2018,99
Oman,OMN,2019,99
Pakistan,PAK,2003,62
Pakistan,PAK,2004,62
Pakistan,PAK,2005,65
Pakistan,PAK,2006,60
Pakistan,PAK,2007,54
Pakistan,PAK,2008,53
Pakistan,PAK,2009,52
Pakistan,PAK,2010,52
Pakistan,PAK,2011,63
Pakistan,PAK,2012,64
Pakistan,PAK,2013,65
Pakistan,PAK,2014,69
Pakistan,PAK,2015,72
Pakistan,PAK,2016,75
Pakistan,PAK,2017,75
Pakistan,PAK,2018,75
Pakistan,PAK,2019,75
Palau,PLW,1991,89
Palau,PLW,1992,75
Palau,PLW,1993,94
Palau,PLW,1994,73
Palau,PLW,1995,99
Palau,PLW,1996,99
Palau,PLW,1997,90
Palau,PLW,1998,96
Palau,PLW,1999,96
Palau,PLW,2000,96
Palau,PLW,2001,98
Palau,PLW,2002,99
Palau,PLW,2003,99
Palau,PLW,2004,98
Palau,PLW,2005,98
Palau,PLW,2006,98
Palau,PLW,2007,91
Palau,PLW,2008,92
Palau,PLW,2009,69
Palau,PLW,2010,80
Palau,PLW,2011,91
Palau,PLW,2012,89
Palau,PLW,2013,99
Palau,PLW,2014,99
Palau,PLW,2015,90
Palau,PLW,2016,98
Palau,PLW,2017,98
Palau,PLW,2018,98
Palau,PLW,2019,98
Panama,PAN,2001,98
Panama,PAN,2002,98
Panama,PAN,2003,98
Panama,PAN,2004,95
Panama,PAN,2005,92
Panama,PAN,2006,88
Panama,PAN,2007,85
Panama,PAN,2008,86
Panama,PAN,2009,85
Panama,PAN,2010,94
Panama,PAN,2011,87
Panama,PAN,2012,85
Panama,PAN,2013,80
Panama,PAN,2014,80
Panama,PAN,2015,73
Panama,PAN,2016,86
Panama,PAN,2017,81
Panama,PAN,2018,88
Panama,PAN,2019,88
Papua New Guinea,PNG,1990,20
Papua New Guinea,PNG,1991,19
Papua New Guinea,PNG,1992,12
Papua New Guinea,PNG,1993,7
Papua New Guinea,PNG,1994,20
Papua New Guinea,PNG,1995,23
Papua New Guinea,PNG,1996,43
Papua New Guinea,PNG,1997,44
Papua New Guinea,PNG,1998,47
Papua New Guinea,PNG,1999,54
Papua New Guinea,PNG,2000,57
Papua New Guinea,PNG,2001,59
Papua New Guinea,PNG,2002,60
Papua New Guinea,PNG,2003,67
Papua New Guinea,PNG,2004,60
Papua New Guinea,PNG,2005,63
Papua New Guinea,PNG,2006,71
Papua New Guinea,PNG,2007,61
Papua New Guinea,PNG,2008,59
Papua New Guinea,PNG,2009,66
Papua New Guinea,PNG,2010,67
Papua New Guinea,PNG,2011,72
Papua New Guinea,PNG,2012,69
Papua New Guinea,PNG,2013,69
Papua New Guinea,PNG,2014,57
Papua New Guinea,PNG,2015,52
Papua New Guinea,PNG,2016,46
Papua New Guinea,PNG,2017,36
Papua New Guinea,PNG,2018,35
Papua New Guinea,PNG,2019,35
Paraguay,PRY,2003,86
Paraguay,PRY,2004,90
Paraguay,PRY,2005,92
Paraguay,PRY,2006,92
Paraguay,PRY,2007,86
Paraguay,PRY,2008,87
Paraguay,PRY,2009,85
Paraguay,PRY,2010,91
Paraguay,PRY,2011,91
Paraguay,PRY,2012,91
Paraguay,PRY,2013,90
Paraguay,PRY,2014,93
Paraguay,PRY,2015,92
Paraguay,PRY,2016,92
Paraguay,PRY,2017,91
Paraguay,PRY,2018,88
Paraguay,PRY,2019,86
Peru,PER,2003,65
Peru,PER,2004,92
Peru,PER,2005,94
Peru,PER,2006,94
Peru,PER,2007,93
Peru,PER,2008,93
Peru,PER,2009,93
Peru,PER,2010,93
Peru,PER,2011,91
Peru,PER,2012,95
Peru,PER,2013,88
Peru,PER,2014,88
Peru,PER,2015,90
Peru,PER,2016,89
Peru,PER,2017,83
Peru,PER,2018,84
Peru,PER,2019,88
Philippines,PHL,1995,38
Philippines,PHL,1996,35
Philippines,PHL,1997,31
Philippines,PHL,1998,30
Philippines,PHL,1999,32
Philippines,PHL,2000,7
Philippines,PHL,2001,45
Philippines,PHL,2002,42
Philippines,PHL,2003,52
Philippines,PHL,2004,48
Philippines,PHL,2005,49
Philippines,PHL,2006,77
Philippines,PHL,2007,87
Philippines,PHL,2008,88
Philippines,PHL,2009,85
Philippines,PHL,2010,77
Philippines,PHL,2011,87
Philippines,PHL,2012,88
Philippines,PHL,2013,89
Philippines,PHL,2014,67
Philippines,PHL,2015,60
Philippines,PHL,2016,86
Philippines,PHL,2017,72
Philippines,PHL,2018,65
Philippines,PHL,2019,65
Poland,POL,1991,1
Poland,POL,1992,1
Poland,POL,1993,1
Poland,POL,1994,4
Poland,POL,1995,23
Poland,POL,1996,56
Poland,POL,1997,97
Poland,POL,1998,99
Poland,POL,1999,99
Poland,POL,2000,99
Poland,POL,2001,95
Poland,POL,2002,98
Poland,POL,2003,97
Poland,POL,2004,98
Poland,POL,2005,98
Poland,POL,2006,98
Poland,POL,2007,98
Poland,POL,2008,98
Poland,POL,2009,98
Poland,POL,2010,98
Poland,POL,2011,98
Poland,POL,2012,97
Poland,POL,2013,96
Poland,POL,2014,96
Poland,POL,2015,96
Poland,POL,2016,95
Poland,POL,2017,93
Poland,POL,2018,91
Poland,POL,2019,91
Portugal,PRT,1995,6
Portugal,PRT,1996,34
Portugal,PRT,1997,49
Portugal,PRT,1998,64
Portugal,PRT,1999,61
Portugal,PRT,2000,58
Portugal,PRT,2001,70
Portugal,PRT,2002,82
Portugal,PRT,2003,94
Portugal,PRT,2004,94
Portugal,PRT,2005,94
Portugal,PRT,2006,97
Portugal,PRT,2007,97
Portugal,PRT,2008,97
Portugal,PRT,2009,96
Portugal,PRT,2010,97
Portugal,PRT,2011,97
Portugal,PRT,2012,98
Portugal,PRT,2013,98
Portugal,PRT,2014,98
Portugal,PRT,2015,98
Portugal,PRT,2016,98
Portugal,PRT,2017,98
Portugal,PRT,2018,98
Portugal,PRT,2019,98
Qatar,QAT,1991,86
Qatar,QAT,1992,89
Qatar,QAT,1993,93
Qatar,QAT,1994,90
Qatar,QAT,1995,90
Qatar,QAT,1996,90
Qatar,QAT,1997,90
Qatar,QAT,1998,92
Qatar,QAT,1999,92
Qatar,QAT,2000,89
Qatar,QAT,2001,93
Qatar,QAT,2002,98
Qatar,QAT,2003,93
Qatar,QAT,2004,97
Qatar,QAT,2005,97
Qatar,QAT,2006,96
Qatar,QAT,2007,94
Qatar,QAT,2008,97
Qatar,QAT,2009,99
Qatar,QAT,2010,97
Qatar,QAT,2011,93
Qatar,QAT,2012,93
Qatar,QAT,2013,97
Qatar,QAT,2014,89
Qatar,QAT,2015,99
Qatar,QAT,2016,98
Qatar,QAT,2017,97
Qatar,QAT,2018,98
Qatar,QAT,2019,98
Romania,ROU,1996,99
Romania,ROU,1997,99
Romania,ROU,1998,99
Romania,ROU,1999,99
Romania,ROU,2000,98
Romania,ROU,2001,98
Romania,ROU,2002,99
Romania,ROU,2003,98
Romania,ROU,2004,99
Romania,ROU,2005,98
Romania,ROU,2006,99
Romania,ROU,2007,99
Romania,ROU,2008,97
Romania,ROU,2009,95
Romania,ROU,2010,98
Romania,ROU,2011,96
Romania,ROU,2012,96
Romania,ROU,2013,96
Romania,ROU,2014,94
Romania,ROU,2015,90
Romania,ROU,2016,90
Romania,ROU,2017,92
Romania,ROU,2018,93
Romania,ROU,2019,90
Russia,RUS,2001,43
Russia,RUS,2002,81
Russia,RUS,2003,94
Russia,RUS,2004,96
Russia,RUS,2005,97
Russia,RUS,2006,98
Russia,RUS,2007,98
Russia,RUS,2008,98
Russia,RUS,2009,98
Russia,RUS,2010,97
Russia,RUS,2011,97
Russia,RUS,2012,97
Russia,RUS,2013,97
Russia,RUS,2014,97
Russia,RUS,2015,97
Russia,RUS,2016,97
Russia,RUS,2017,97
Russia,RUS,2018,97
Russia,RUS,2019,97
Rwanda,RWA,2002,88
Rwanda,RWA,2003,96
Rwanda,RWA,2004,89
Rwanda,RWA,2005,95
Rwanda,RWA,2006,99
Rwanda,RWA,2007,97
Rwanda,RWA,2008,97
Rwanda,RWA,2009,97
Rwanda,RWA,2010,97
Rwanda,RWA,2011,97
Rwanda,RWA,2012,98
Rwanda,RWA,2013,98
Rwanda,RWA,2014,98
Rwanda,RWA,2015,98
Rwanda,RWA,2016,98
Rwanda,RWA,2017,98
Rwanda,RWA,2018,97
Rwanda,RWA,2019,98
Saint Kitts and Nevis,KNA,1998,99
Saint Kitts and Nevis,KNA,1999,99
Saint Kitts and Nevis,KNA,2000,99
Saint Kitts and Nevis,KNA,2001,99
Saint Kitts and Nevis,KNA,2002,96
Saint Kitts and Nevis,KNA,2003,99
Saint Kitts and Nevis,KNA,2004,96
Saint Kitts and Nevis,KNA,2005,99
Saint Kitts and Nevis,KNA,2006,99
Saint Kitts and Nevis,KNA,2007,99
Saint Kitts and Nevis,KNA,2008,98
Saint Kitts and Nevis,KNA,2009,97
Saint Kitts and Nevis,KNA,2010,96
Saint Kitts and Nevis,KNA,2011,98
Saint Kitts and Nevis,KNA,2012,98
Saint Kitts and Nevis,KNA,2013,97
Saint Kitts and Nevis,KNA,2014,98
Saint Kitts and Nevis,KNA,2015,94
Saint Kitts and Nevis,KNA,2016,98
Saint Kitts and Nevis,KNA,2017,98
Saint Kitts and Nevis,KNA,2018,98
Saint Kitts and Nevis,KNA,2019,97
Saint Lucia,LCA,2002,14
Saint Lucia,LCA,2003,84
Saint Lucia,LCA,2004,91
Saint Lucia,LCA,2005,95
Saint Lucia,LCA,2006,85
Saint Lucia,LCA,2007,99
Saint Lucia,LCA,2008,96
Saint Lucia,LCA,2009,95
Saint Lucia,LCA,2010,97
Saint Lucia,LCA,2011,99
Saint Lucia,LCA,2012,98
Saint Lucia,LCA,2013,99
Saint Lucia,LCA,2014,99
Saint Lucia,LCA,2015,99
Saint Lucia,LCA,2016,95
Saint Lucia,LCA,2017,80
Saint Lucia,LCA,2018,95
Saint Lucia,LCA,2019,92
Saint Vincent and the Grenadines,VCT,2003,31
Saint Vincent and the Grenadines,VCT,2004,99
Saint Vincent and the Grenadines,VCT,2005,99
Saint Vincent and the Grenadines,VCT,2006,99
Saint Vincent and the Grenadines,VCT,2007,99
Saint Vincent and the Grenadines,VCT,2008,99
Saint Vincent and the Grenadines,VCT,2009,99
Saint Vincent and the Grenadines,VCT,2010,99
Saint Vincent and the Grenadines,VCT,2011,96
Saint Vincent and the Grenadines,VCT,2012,96
Saint Vincent and the Grenadines,VCT,2013,97
Saint Vincent and the Grenadines,VCT,2014,98
Saint Vincent and the Grenadines,VCT,2015,99
Saint Vincent and the Grenadines,VCT,2016,99
Saint Vincent and the Grenadines,VCT,2017,99
Saint Vincent and the Grenadines,VCT,2018,97
Saint Vincent and the Grenadines,VCT,2019,97
Samoa,WSM,1992,18
Samoa,WSM,1993,1
Samoa,WSM,1994,94
Samoa,WSM,1995,96
Samoa,WSM,1996,98
Samoa,WSM,1997,99
Samoa,WSM,1998,98
Samoa,WSM,1999,97
Samoa,WSM,2000,93
Samoa,WSM,2001,93
Samoa,WSM,2002,92
Samoa,WSM,2003,90
Samoa,WSM,2004,62
Samoa,WSM,2005,51
Samoa,WSM,2006,46
Samoa,WSM,2007,58
Samoa,WSM,2008,26
Samoa,WSM,2009,58
Samoa,WSM,2010,72
Samoa,WSM,2011,75
Samoa,WSM,2012,82
Samoa,WSM,2013,85
Samoa,WSM,2014,81
Samoa,WSM,2015,84
Samoa,WSM,2016,80
Samoa,WSM,2017,74
Samoa,WSM,2018,34
Samoa,WSM,2019,58
San Marino,SMR,1991,99
San Marino,SMR,1992,99
San Marino,SMR,1993,98
San Marino,SMR,1994,98
San Marino,SMR,1995,98
San Marino,SMR,1996,98
San Marino,SMR,1997,97
San Marino,SMR,1998,97
San Marino,SMR,1999,97
San Marino,SMR,2000,97
San Marino,SMR,2001,96
San Marino,SMR,2002,96
San Marino,SMR,2003,96
San Marino,SMR,2004,95
San Marino,SMR,2005,95
San Marino,SMR,2006,92
San Marino,SMR,2007,91
San Marino,SMR,2008,91
San Marino,SMR,2009,89
San Marino,SMR,2010,89
San Marino,SMR,2011,92
San Marino,SMR,2012,88
San Marino,SMR,2013,83
San Marino,SMR,2014,83
San Marino,SMR,2015,84
San Marino,SMR,2016,86
San Marino,SMR,2017,82
San Marino,SMR,2018,78
San Marino,SMR,2019,87
Sao Tome and Principe,STP,2003,43
Sao Tome and Principe,STP,2004,70
Sao Tome and Principe,STP,2005,96
Sao Tome and Principe,STP,2006,75
Sao Tome and Principe,STP,2007,87
Sao Tome and Principe,STP,2008,99
Sao Tome and Principe,STP,2009,98
Sao Tome and Principe,STP,2010,98
Sao Tome and Principe,STP,2011,96
Sao Tome and Principe,STP,2012,96
Sao Tome and Principe,STP,2013,97
Sao Tome and Principe,STP,2014,95
Sao Tome and Principe,STP,2015,96
Sao Tome and Principe,STP,2016,96
Sao Tome and Principe,STP,2017,95
Sao Tome and Principe,STP,2018,95
Sao Tome and Principe,STP,2019,95
Saudi Arabia,SAU,1990,66
Saudi Arabia,SAU,1991,86
Saudi Arabia,SAU,1992,89
Saudi Arabia,SAU,1993,93
Saudi Arabia,SAU,1994,94
Saudi Arabia,SAU,1995,93
Saudi Arabia,SAU,1996,92
Saudi Arabia,SAU,1997,91
Saudi Arabia,SAU,1998,95
Saudi Arabia,SAU,1999,92
Saudi Arabia,SAU,2000,93
Saudi Arabia,SAU,2001,95
Saudi Arabia,SAU,2002,97
Saudi Arabia,SAU,2003,95
Saudi Arabia,SAU,2004,96
Saudi Arabia,SAU,2005,97
Saudi Arabia,SAU,2006,96
Saudi Arabia,SAU,2007,96
Saudi Arabia,SAU,2008,98
Saudi Arabia,SAU,2009,98
Saudi Arabia,SAU,2010,98
Saudi Arabia,SAU,2011,98
Saudi Arabia,SAU,2012,98
Saudi Arabia,SAU,2013,98
Saudi Arabia,SAU,2014,98
Saudi Arabia,SAU,2015,98
Saudi Arabia,SAU,2016,98
Saudi Arabia,SAU,2017,98
Saudi Arabia,SAU,2018,97
Saudi Arabia,SAU,2019,97
Senegal,SEN,2004,54
Senegal,SEN,2005,84
Senegal,SEN,2006,89
Senegal,SEN,2007,94
Senegal,SEN,2008,88
Senegal,SEN,2009,86
Senegal,SEN,2010,89
Senegal,SEN,2011,92
Senegal,SEN,2012,91
Senegal,SEN,2013,92
Senegal,SEN,2014,89
Senegal,SEN,2015,89
Senegal,SEN,2016,93
Senegal,SEN,2017,93
Senegal,SEN,2018,82
Senegal,SEN,2019,93
Serbia,SRB,2004,89
Serbia,SRB,2005,65
Serbia,SRB,2006,93
Serbia,SRB,2007,99
Serbia,SRB,2008,93
Serbia,SRB,2009,93
Serbia,SRB,2010,89
Serbia,SRB,2011,94
Serbia,SRB,2012,97
Serbia,SRB,2013,91
Serbia,SRB,2014,92
Serbia,SRB,2015,94
Serbia,SRB,2016,91
Serbia,SRB,2017,93
Serbia,SRB,2018,91
Serbia,SRB,2019,94
Seychelles,SYC,1995,99
Seychelles,SYC,1996,98
Seychelles,SYC,1997,97
Seychelles,SYC,1998,97
Seychelles,SYC,1999,99
Seychelles,SYC,2000,98
Seychelles,SYC,2001,96
Seychelles,SYC,2002,99
Seychelles,SYC,2003,99
Seychelles,SYC,2004,99
Seychelles,SYC,2005,99
Seychelles,SYC,2006,99
Seychelles,SYC,2007,99
Seychelles,SYC,2008,99
Seychelles,SYC,2009,99
Seychelles,SYC,2010,99
Seychelles,SYC,2011,99
Seychelles,SYC,2012,99
Seychelles,SYC,2013,99
Seychelles,SYC,2014,99
Seychelles,SYC,2015,98
Seychelles,SYC,2016,97
Seychelles,SYC,2017,98
Seychelles,SYC,2018,99
Seychelles,SYC,2019,99
Sierra Leone,SLE,2007,63
Sierra Leone,SLE,2008,77
Sierra Leone,SLE,2009,84
Sierra Leone,SLE,2010,86
Sierra Leone,SLE,2011,89
Sierra Leone,SLE,2012,91
Sierra Leone,SLE,2013,92
Sierra Leone,SLE,2014,83
Sierra Leone,SLE,2015,86
Sierra Leone,SLE,2016,84
Sierra Leone,SLE,2017,90
Sierra Leone,SLE,2018,93
Sierra Leone,SLE,2019,95
Singapore,SGP,1990,74
Singapore,SGP,1991,76
Singapore,SGP,1992,78
Singapore,SGP,1993,90
Singapore,SGP,1994,94
Singapore,SGP,1995,96
Singapore,SGP,1996,96
Singapore,SGP,1997,97
Singapore,SGP,1998,96
Singapore,SGP,1999,96
Singapore,SGP,2000,97
Singapore,SGP,2001,95
Singapore,SGP,2002,95
Singapore,SGP,2003,95
Singapore,SGP,2004,94
Singapore,SGP,2005,96
Singapore,SGP,2006,95
Singapore,SGP,2007,96
Singapore,SGP,2008,97
Singapore,SGP,2009,96
Singapore,SGP,2010,96
Singapore,SGP,2011,96
Singapore,SGP,2012,97
Singapore,SGP,2013,97
Singapore,SGP,2014,96
Singapore,SGP,2015,96
Singapore,SGP,2016,96
Singapore,SGP,2017,96
Singapore,SGP,2018,96
Singapore,SGP,2019,96
Slovakia,SVK,2000,98
Slovakia,SVK,2001,99
Slovakia,SVK,2002,99
Slovakia,SVK,2003,99
Slovakia,SVK,2004,99
Slovakia,SVK,2005,99
Slovakia,SVK,2006,99
Slovakia,SVK,2007,99
Slovakia,SVK,2008,99
Slovakia,SVK,2009,99
Slovakia,SVK,2010,99
Slovakia,SVK,2011,99
Slovakia,SVK,2012,99
Slovakia,SVK,2013,98
Slovakia,SVK,2014,97
Slovakia,SVK,2015,96
Slovakia,SVK,2016,96
Slovakia,SVK,2017,96
Slovakia,SVK,2018,96
Slovakia,SVK,2019,97
Solomon Islands,SLB,1993,53
Solomon Islands,SLB,1994,65
Solomon Islands,SLB,1995,68
Solomon Islands,SLB,1996,97
Solomon Islands,SLB,1997,73
Solomon Islands,SLB,1998,75
Solomon Islands,SLB,1999,79
Solomon Islands,SLB,2000,81
Solomon Islands,SLB,2001,83
Solomon Islands,SLB,2002,75
Solomon Islands,SLB,2003,79
Solomon Islands,SLB,2004,81
Solomon Islands,SLB,2005,83
Solomon Islands,SLB,2006,99
Solomon Islands,SLB,2007,90
Solomon Islands,SLB,2008,89
Solomon Islands,SLB,2009,91
Solomon Islands,SLB,2010,87
Solomon Islands,SLB,2011,92
Solomon Islands,SLB,2012,92
Solomon Islands,SLB,2013,83
Solomon Islands,SLB,2014,77
Solomon Islands,SLB,2015,87
Solomon Islands,SLB,2016,94
Solomon Islands,SLB,2017,83
Solomon Islands,SLB,2018,85
Solomon Islands,SLB,2019,94
Somalia,SOM,2013,42
Somalia,SOM,2014,42
Somalia,SOM,2015,42
Somalia,SOM,2016,42
Somalia,SOM,2017,42
Somalia,SOM,2018,42
Somalia,SOM,2019,42
South Africa,ZAF,1997,74
South Africa,ZAF,1998,74
South Africa,ZAF,1999,73
South Africa,ZAF,2000,73
South Africa,ZAF,2001,72
South Africa,ZAF,2002,72
South Africa,ZAF,2003,71
South Africa,ZAF,2004,76
South Africa,ZAF,2005,79
South Africa,ZAF,2006,83
South Africa,ZAF,2007,83
South Africa,ZAF,2008,76
South Africa,ZAF,2009,74
South Africa,ZAF,2010,71
South Africa,ZAF,2011,76
South Africa,ZAF,2012,70
South Africa,ZAF,2013,73
South Africa,ZAF,2014,85
South Africa,ZAF,2015,85
South Africa,ZAF,2016,76
South Africa,ZAF,2017,76
South Africa,ZAF,2018,74
South Africa,ZAF,2019,77
South Korea,KOR,1995,99
South Korea,KOR,1996,93
South Korea,KOR,1997,88
South Korea,KOR,1998,82
South Korea,KOR,1999,88
South Korea,KOR,2000,93
South Korea,KOR,2001,89
South Korea,KOR,2002,92
South Korea,KOR,2003,91
South Korea,KOR,2004,92
South Korea,KOR,2005,99
South Korea,KOR,2006,99
South Korea,KOR,2007,91
South Korea,KOR,2008,94
South Korea,KOR,2009,94
South Korea,KOR,2010,94
South Korea,KOR,2011,99
South Korea,KOR,2012,99
South Korea,KOR,2013,99
South Korea,KOR,2014,99
South Korea,KOR,2015,98
South Korea,KOR,2016,98
South Korea,KOR,2017,98
South Korea,KOR,2018,98
South Korea,KOR,2019,98
South Sudan,SSD,2015,31
South Sudan,SSD,2016,45
South Sudan,SSD,2017,47
South Sudan,SSD,2018,49
South Sudan,SSD,2019,49
South-East Asia,,1985,0
South-East Asia,,1986,0
South-East Asia,,1987,0
South-East Asia,,1988,0
South-East Asia,,1989,0
South-East Asia,,1990,0
South-East Asia,,1991,0
South-East Asia,,1992,4
South-East Asia,,1993,7
South-East Asia,,1994,7
South-East Asia,,1995,8
South-East Asia,,1996,10
South-East Asia,,1997,10
South-East Asia,,1998,11
South-East Asia,,1999,11
South-East Asia,,2000,10
South-East Asia,,2001,10
South-East Asia,,2002,10
South-East Asia,,2003,11
South-East Asia,,2004,19
South-East Asia,,2005,24
South-East Asia,,2006,27
South-East Asia,,2007,30
South-East Asia,,2008,47
South-East Asia,,2009,53
South-East Asia,,2010,53
South-East Asia,,2011,56
South-East Asia,,2012,78
South-East Asia,,2013,77
South-East Asia,,2014,83
South-East Asia,,2015,88
South-East Asia,,2016,89
South-East Asia,,2017,90
South-East Asia,,2018,90
South-East Asia,,2019,91
Spain,ESP,1996,82
Spain,ESP,1997,84
Spain,ESP,1998,81
Spain,ESP,1999,80
Spain,ESP,2000,77
Spain,ESP,2001,83
Spain,ESP,2002,82
Spain,ESP,2003,81
Spain,ESP,2004,97
Spain,ESP,2005,96
Spain,ESP,2006,97
Spain,ESP,2007,96
Spain,ESP,2008,97
Spain,ESP,2009,96
Spain,ESP,2010,97
Spain,ESP,2011,97
Spain,ESP,2012,96
Spain,ESP,2013,95
Spain,ESP,2014,96
Spain,ESP,2015,97
Spain,ESP,2016,97
Spain,ESP,2017,95
Spain,ESP,2018,96
Spain,ESP,2019,96
Sri Lanka,LKA,2003,32
Sri Lanka,LKA,2004,62
Sri Lanka,LKA,2005,99
Sri Lanka,LKA,2006,98
Sri Lanka,LKA,2007,98
Sri Lanka,LKA,2008,98
Sri Lanka,LKA,2009,97
Sri Lanka,LKA,2010,99
Sri Lanka,LKA,2011,99
Sri Lanka,LKA,2012,99
Sri Lanka,LKA,2013,99
Sri Lanka,LKA,2014,99
Sri Lanka,LKA,2015,99
Sri Lanka,LKA,2016,99
Sri Lanka,LKA,2017,99
Sri Lanka,LKA,2018,99
Sri Lanka,LKA,2019,99
Sudan,SDN,2005,22
Sudan,SDN,2006,60
Sudan,SDN,2007,78
Sudan,SDN,2008,78
Sudan,SDN,2009,72
Sudan,SDN,2010,75
Sudan,SDN,2011,93
Sudan,SDN,2012,92
Sudan,SDN,2013,93
Sudan,SDN,2014,94
Sudan,SDN,2015,93
Sudan,SDN,2016,93
Sudan,SDN,2017,95
Sudan,SDN,2018,93
Sudan,SDN,2019,93
Suriname,SUR,2005,83
Suriname,SUR,2006,84
Suriname,SUR,2007,84
Suriname,SUR,2008,84
Suriname,SUR,2009,87
Suriname,SUR,2010,84
Suriname,SUR,2011,80
Suriname,SUR,2012,76
Suriname,SUR,2013,76
Suriname,SUR,2014,71
Suriname,SUR,2015,73
Suriname,SUR,2016,77
Suriname,SUR,2017,67
Suriname,SUR,2018,81
Suriname,SUR,2019,77
Sweden,SWE,2011,29
Sweden,SWE,2012,30
Sweden,SWE,2013,35
Sweden,SWE,2014,42
Sweden,SWE,2015,53
Sweden,SWE,2016,67
Sweden,SWE,2017,76
Sweden,SWE,2018,92
Sweden,SWE,2019,97
Switzerland,CHE,2017,69
Switzerland,CHE,2018,69
Switzerland,CHE,2019,69
Syria,SYR,1992,5
Syria,SYR,1993,23
Syria,SYR,1994,64
Syria,SYR,1995,74
Syria,SYR,1996,75
Syria,SYR,1997,76
Syria,SYR,1998,77
Syria,SYR,1999,78
Syria,SYR,2000,79
Syria,SYR,2001,80
Syria,SYR,2002,80
Syria,SYR,2003,81
Syria,SYR,2004,82
Syria,SYR,2005,83
Syria,SYR,2006,83
Syria,SYR,2007,83
Syria,SYR,2008,83
Syria,SYR,2009,84
Syria,SYR,2010,84
Syria,SYR,2011,66
Syria,SYR,2012,43
Syria,SYR,2013,71
Syria,SYR,2014,47
Syria,SYR,2015,41
Syria,SYR,2016,42
Syria,SYR,2017,48
Syria,SYR,2018,47
Syria,SYR,2019,54
Tajikistan,TJK,2002,39
Tajikistan,TJK,2003,58
Tajikistan,TJK,2004,81
Tajikistan,TJK,2005,81
Tajikistan,TJK,2006,88
Tajikistan,TJK,2007,84
Tajikistan,TJK,2008,86
Tajikistan,TJK,2009,93
Tajikistan,TJK,2010,93
Tajikistan,TJK,2011,96
Tajikistan,TJK,2012,94
Tajikistan,TJK,2013,96
Tajikistan,TJK,2014,97
Tajikistan,TJK,2015,96
Tajikistan,TJK,2016,97
Tajikistan,TJK,2017,96
Tajikistan,TJK,2018,96
Tajikistan,TJK,2019,97
Tanzania,TZA,2002,89
Tanzania,TZA,2003,95
Tanzania,TZA,2004,95
Tanzania,TZA,2005,90
Tanzania,TZA,2006,90
Tanzania,TZA,2007,83
Tanzania,TZA,2008,86
Tanzania,TZA,2009,85
Tanzania,TZA,2010,91
Tanzania,TZA,2011,90
Tanzania,TZA,2012,92
Tanzania,TZA,2013,91
Tanzania,TZA,2014,97
Tanzania,TZA,2015,96
Tanzania,TZA,2016,92
Tanzania,TZA,2017,90
Tanzania,TZA,2018,89
Tanzania,TZA,2019,89
Thailand,THA,1992,15
Thailand,THA,1993,58
Thailand,THA,1994,66
Thailand,THA,1995,93
Thailand,THA,1996,93
Thailand,THA,1997,94
Thailand,THA,1998,95
Thailand,THA,1999,95
Thailand,THA,2000,95
Thailand,THA,2001,95
Thailand,THA,2002,95
Thailand,THA,2003,96
Thailand,THA,2004,96
Thailand,THA,2005,96
Thailand,THA,2006,96
Thailand,THA,2007,96
Thailand,THA,2008,98
Thailand,THA,2009,98
Thailand,THA,2010,98
Thailand,THA,2011,98
Thailand,THA,2012,98
Thailand,THA,2013,99
Thailand,THA,2014,99
Thailand,THA,2015,99
Thailand,THA,2016,99
Thailand,THA,2017,99
Thailand,THA,2018,97
Thailand,THA,2019,97
Timor,TLS,2008,79
Timor,TLS,2009,72
Timor,TLS,2010,72
Timor,TLS,2011,67
Timor,TLS,2012,83
Timor,TLS,2013,82
Timor,TLS,2014,77
Timor,TLS,2015,76
Timor,TLS,2016,79
Timor,TLS,2017,83
Timor,TLS,2018,83
Timor,TLS,2019,83
Togo,TGO,2008,24
Togo,TGO,2009,78
Togo,TGO,2010,83
Togo,TGO,2011,85
Togo,TGO,2012,84
Togo,TGO,2013,84
Togo,TGO,2014,84
Togo,TGO,2015,82
Togo,TGO,2016,82
Togo,TGO,2017,83
Togo,TGO,2018,81
Togo,TGO,2019,84
Tonga,TON,1990,94
Tonga,TON,1991,88
Tonga,TON,1992,82
Tonga,TON,1993,96
Tonga,TON,1994,90
Tonga,TON,1995,91
Tonga,TON,1996,94
Tonga,TON,1997,95
Tonga,TON,1998,96
Tonga,TON,1999,93
Tonga,TON,2000,97
Tonga,TON,2001,96
Tonga,TON,2002,95
Tonga,TON,2003,93
Tonga,TON,2004,99
Tonga,TON,2005,99
Tonga,TON,2006,99
Tonga,TON,2007,99
Tonga,TON,2008,98
Tonga,TON,2009,99
Tonga,TON,2010,99
Tonga,TON,2011,99
Tonga,TON,2012,95
Tonga,TON,2013,99
Tonga,TON,2014,98
Tonga,TON,2015,96
Tonga,TON,2016,96
Tonga,TON,2017,99
Tonga,TON,2018,99
Tonga,TON,2019,99
Trinidad and Tobago,TTO,2002,5
Trinidad and Tobago,TTO,2003,76
Trinidad and Tobago,TTO,2004,94
Trinidad and Tobago,TTO,2005,95
Trinidad and Tobago,TTO,2006,89
Trinidad and Tobago,TTO,2007,89
Trinidad and Tobago,TTO,2008,90
Trinidad and Tobago,TTO,2009,90
Trinidad and Tobago,TTO,2010,90
Trinidad and Tobago,TTO,2011,90
Trinidad and Tobago,TTO,2012,92
Trinidad and Tobago,TTO,2013,92
Trinidad and Tobago,TTO,2014,92
Trinidad and Tobago,TTO,2015,90
Trinidad and Tobago,TTO,2016,97
Trinidad and Tobago,TTO,2017,89
Trinidad and Tobago,TTO,2018,99
Trinidad and Tobago,TTO,2019,93
Tunisia,TUN,1996,83
Tunisia,TUN,1997,88
Tunisia,TUN,1998,91
Tunisia,TUN,1999,94
Tunisia,TUN,2000,94
Tunisia,TUN,2001,94
Tunisia,TUN,2002,93
Tunisia,TUN,2003,92
Tunisia,TUN,2004,96
Tunisia,TUN,2005,97
Tunisia,TUN,2006,99
Tunisia,TUN,2007,98
Tunisia,TUN,2008,99
Tunisia,TUN,2009,99
Tunisia,TUN,2010,98
Tunisia,TUN,2011,98
Tunisia,TUN,2012,95
Tunisia,TUN,2013,95
Tunisia,TUN,2014,94
Tunisia,TUN,2015,93
Tunisia,TUN,2016,93
Tunisia,TUN,2017,92
Tunisia,TUN,2018,90
Tunisia,TUN,2019,92
Turkey,TUR,2000,71
Turkey,TUR,2001,77
Turkey,TUR,2002,72
Turkey,TUR,2003,68
Turkey,TUR,2004,77
Turkey,TUR,2005,85
Turkey,TUR,2006,82
Turkey,TUR,2007,96
Turkey,TUR,2008,92
Turkey,TUR,2009,94
Turkey,TUR,2010,96
Turkey,TUR,2011,96
Turkey,TUR,2012,97
Turkey,TUR,2013,97
Turkey,TUR,2014,96
Turkey,TUR,2015,97
Turkey,TUR,2016,98
Turkey,TUR,2017,96
Turkey,TUR,2018,98
Turkey,TUR,2019,99
Turkmenistan,TKM,2002,96
Turkmenistan,TKM,2003,97
Turkmenistan,TKM,2004,96
Turkmenistan,TKM,2005,99
Turkmenistan,TKM,2006,98
Turkmenistan,TKM,2007,98
Turkmenistan,TKM,2008,96
Turkmenistan,TKM,2009,97
Turkmenistan,TKM,2010,96
Turkmenistan,TKM,2011,97
Turkmenistan,TKM,2012,98
Turkmenistan,TKM,2013,98
Turkmenistan,TKM,2014,97
Turkmenistan,TKM,2015,99
Turkmenistan,TKM,2016,98
Turkmenistan,TKM,2017,99
Turkmenistan,TKM,2018,99
Turkmenistan,TKM,2019,99
Tuvalu,TUV,1994,17
Tuvalu,TUV,1995,49
Tuvalu,TUV,1996,86
Tuvalu,TUV,1997,88
Tuvalu,TUV,1998,96
Tuvalu,TUV,1999,93
Tuvalu,TUV,2000,81
Tuvalu,TUV,2001,99
Tuvalu,TUV,2002,99
Tuvalu,TUV,2003,95
Tuvalu,TUV,2004,98
Tuvalu,TUV,2005,79
Tuvalu,TUV,2006,97
Tuvalu,TUV,2007,97
Tuvalu,TUV,2008,99
Tuvalu,TUV,2009,91
Tuvalu,TUV,2010,89
Tuvalu,TUV,2011,96
Tuvalu,TUV,2012,97
Tuvalu,TUV,2013,90
Tuvalu,TUV,2014,89
Tuvalu,TUV,2015,96
Tuvalu,TUV,2016,94
Tuvalu,TUV,2017,96
Tuvalu,TUV,2018,89
Tuvalu,TUV,2019,92
Uganda,UGA,2002,29
Uganda,UGA,2003,44
Uganda,UGA,2004,62
Uganda,UGA,2005,64
Uganda,UGA,2006,64
Uganda,UGA,2007,73
Uganda,UGA,2008,71
Uganda,UGA,2009,79
Uganda,UGA,2010,80
Uganda,UGA,2011,82
Uganda,UGA,2012,83
Uganda,UGA,2013,84
Uganda,UGA,2014,85
Uganda,UGA,2015,89
Uganda,UGA,2016,93
Uganda,UGA,2017,94
Uganda,UGA,2018,93
Uganda,UGA,2019,93
Ukraine,UKR,2000,4
Ukraine,UKR,2001,7
Ukraine,UKR,2002,48
Ukraine,UKR,2003,77
Ukraine,UKR,2004,98
Ukraine,UKR,2005,97
Ukraine,UKR,2006,96
Ukraine,UKR,2007,92
Ukraine,UKR,2008,84
Ukraine,UKR,2009,66
Ukraine,UKR,2010,48
Ukraine,UKR,2011,21
Ukraine,UKR,2012,46
Ukraine,UKR,2013,46
Ukraine,UKR,2014,22
Ukraine,UKR,2015,22
Ukraine,UKR,2016,26
Ukraine,UKR,2017,52
Ukraine,UKR,2018,67
Ukraine,UKR,2019,76
United Arab Emirates,ARE,1993,90
United Arab Emirates,ARE,1994,90
United Arab Emirates,ARE,1995,90
United Arab Emirates,ARE,1996,90
United Arab Emirates,ARE,1997,90
United Arab Emirates,ARE,1998,96
United Arab Emirates,ARE,1999,92
United Arab Emirates,ARE,2000,92
United Arab Emirates,ARE,2001,92
United Arab Emirates,ARE,2002,92
United Arab Emirates,ARE,2003,92
United Arab Emirates,ARE,2004,92
United Arab Emirates,ARE,2005,92
United Arab Emirates,ARE,2006,92
United Arab Emirates,ARE,2007,92
United Arab Emirates,ARE,2008,92
United Arab Emirates,ARE,2009,93
United Arab Emirates,ARE,2010,94
United Arab Emirates,ARE,2011,95
United Arab Emirates,ARE,2012,96
United Arab Emirates,ARE,2013,98
United Arab Emirates,ARE,2014,99
United Arab Emirates,ARE,2015,99
United Arab Emirates,ARE,2016,99
United Arab Emirates,ARE,2017,98
United Arab Emirates,ARE,2018,99
United Arab Emirates,ARE,2019,98
United Kingdom,GBR,2019,93
United States,USA,1993,16
United States,USA,1994,42
United States,USA,1995,68
United States,USA,1996,82
United States,USA,1997,84
United States,USA,1998,87
United States,USA,1999,88
United States,USA,2000,90
United States,USA,2001,89
United States,USA,2002,88
United States,USA,2003,92
United States,USA,2004,92
United States,USA,2005,93
United States,USA,2006,93
United States,USA,2007,93
United States,USA,2008,94
United States,USA,2009,92
United States,USA,2010,92
United States,USA,2011,91
United States,USA,2012,90
United States,USA,2013,91
United States,USA,2014,92
United States,USA,2015,92
United States,USA,2016,93
United States,USA,2017,93
United States,USA,2018,91
United States,USA,2019,91
Uruguay,URY,1999,93
Uruguay,URY,2000,92
Uruguay,URY,2001,94
Uruguay,URY,2002,95
Uruguay,URY,2003,91
Uruguay,URY,2004,94
Uruguay,URY,2005,96
Uruguay,URY,2006,95
Uruguay,URY,2007,94
Uruguay,URY,2008,94
Uruguay,URY,2009,95
Uruguay,URY,2010,95
Uruguay,URY,2011,95
Uruguay,URY,2012,95
Uruguay,URY,2013,94
Uruguay,URY,2014,95
Uruguay,URY,2015,95
Uruguay,URY,2016,95
Uruguay,URY,2017,93
Uruguay,URY,2018,91
Uruguay,URY,2019,94
Uzbekistan,UZB,2002,62
Uzbekistan,UZB,2003,99
Uzbekistan,UZB,2004,99
Uzbekistan,UZB,2005,99
Uzbekistan,UZB,2006,98
Uzbekistan,UZB,2007,99
Uzbekistan,UZB,2008,91
Uzbekistan,UZB,2009,98
Uzbekistan,UZB,2010,99
Uzbekistan,UZB,2011,99
Uzbekistan,UZB,2012,99
Uzbekistan,UZB,2013,99
Uzbekistan,UZB,2014,99
Uzbekistan,UZB,2015,99
Uzbekistan,UZB,2016,99
Uzbekistan,UZB,2017,99
Uzbekistan,UZB,2018,98
Uzbekistan,UZB,2019,96
Vanuatu,VUT,1991,46
Vanuatu,VUT,1992,82
Vanuatu,VUT,1993,82
Vanuatu,VUT,1994,69
Vanuatu,VUT,1995,66
Vanuatu,VUT,1996,69
Vanuatu,VUT,1997,75
Vanuatu,VUT,1998,73
Vanuatu,VUT,1999,71
Vanuatu,VUT,2000,70
Vanuatu,VUT,2001,68
Vanuatu,VUT,2002,66
Vanuatu,VUT,2003,64
Vanuatu,VUT,2004,63
Vanuatu,VUT,2005,61
Vanuatu,VUT,2006,59
Vanuatu,VUT,2007,62
Vanuatu,VUT,2008,66
Vanuatu,VUT,2009,69
Vanuatu,VUT,2010,73
Vanuatu,VUT,2011,76
Vanuatu,VUT,2012,79
Vanuatu,VUT,2013,83
Vanuatu,VUT,2014,86
Vanuatu,VUT,2015,80
Vanuatu,VUT,2016,81
Vanuatu,VUT,2017,85
Vanuatu,VUT,2018,85
Vanuatu,VUT,2019,90
Venezuela,VEN,2000,5
Venezuela,VEN,2001,53
Venezuela,VEN,2002,60
Venezuela,VEN,2003,72
Venezuela,VEN,2004,82
Venezuela,VEN,2005,88
Venezuela,VEN,2006,71
Venezuela,VEN,2007,62
Venezuela,VEN,2008,53
Venezuela,VEN,2009,84
Venezuela,VEN,2010,78
Venezuela,VEN,2011,78
Venezuela,VEN,2012,81
Venezuela,VEN,2013,82
Venezuela,VEN,2014,78
Venezuela,VEN,2015,87
Venezuela,VEN,2016,84
Venezuela,VEN,2017,66
Venezuela,VEN,2018,60
Venezuela,VEN,2019,64
Vietnam,VNM,2003,78
Vietnam,VNM,2004,94
Vietnam,VNM,2005,94
Vietnam,VNM,2006,93
Vietnam,VNM,2007,67
Vietnam,VNM,2008,87
Vietnam,VNM,2009,94
Vietnam,VNM,2010,88
Vietnam,VNM,2011,95
Vietnam,VNM,2012,97
Vietnam,VNM,2013,59
Vietnam,VNM,2014,95
Vietnam,VNM,2015,97
Vietnam,VNM,2016,96
Vietnam,VNM,2017,94
Vietnam,VNM,2018,75
Vietnam,VNM,2019,89
Western Pacific,,1985,0
Western Pacific,,1986,0
Western Pacific,,1987,0
Western Pacific,,1988,0
Western Pacific,,1989,1
Western Pacific,,1990,2
Western Pacific,,1991,2
Western Pacific,,1992,2
Western Pacific,,1993,2
Western Pacific,,1994,3
Western Pacific,,1995,9
Western Pacific,,1996,9
Western Pacific,,1997,8
Western Pacific,,1998,8
Western Pacific,,1999,8
Western Pacific,,2000,49
Western Pacific,,2001,57
Western Pacific,,2002,60
Western Pacific,,2003,69
Western Pacific,,2004,72
Western Pacific,,2005,76
Western Pacific,,2006,85
Western Pacific,,2007,85
Western Pacific,,2008,89
Western Pacific,,2009,92
Western Pacific,,2010,91
Western Pacific,,2011,93
Western Pacific,,2012,93
Western Pacific,,2013,91
Western Pacific,,2014,91
Western Pacific,,2015,90
Western Pacific,,2016,93
Western Pacific,,2017,91
Western Pacific,,2018,89
Western Pacific,,2019,94
World,OWID_WRL,1985,0
World,OWID_WRL,1986,0
World,OWID_WRL,1987,0
World,OWID_WRL,1988,0
World,OWID_WRL,1989,0
World,OWID_WRL,1990,1
World,OWID_WRL,1991,1
World,OWID_WRL,1992,3
World,OWID_WRL,1993,4
World,OWID_WRL,1994,8
World,OWID_WRL,1995,11
World,OWID_WRL,1996,13
World,OWID_WRL,1997,15
World,OWID_WRL,1998,15
World,OWID_WRL,1999,18
World,OWID_WRL,2000,30
World,OWID_WRL,2001,32
World,OWID_WRL,2002,38
World,OWID_WRL,2003,44
World,OWID_WRL,2004,49
World,OWID_WRL,2005,54
World,OWID_WRL,2006,58
World,OWID_WRL,2007,63
World,OWID_WRL,2008,69
World,OWID_WRL,2009,73
World,OWID_WRL,2010,73
World,OWID_WRL,2011,75
World,OWID_WRL,2012,80
World,OWID_WRL,2013,80
World,OWID_WRL,2014,81
World,OWID_WRL,2015,83
World,OWID_WRL,2016,84
World,OWID_WRL,2017,84
World,OWID_WRL,2018,83
World,OWID_WRL,2019,85
Yemen,YEM,1999,9
Yemen,YEM,2000,14
Yemen,YEM,2001,19
Yemen,YEM,2002,31
Yemen,YEM,2003,38
Yemen,YEM,2004,43
Yemen,YEM,2005,80
Yemen,YEM,2006,78
Yemen,YEM,2007,79
Yemen,YEM,2008,78
Yemen,YEM,2009,76
Yemen,YEM,2010,76
Yemen,YEM,2011,69
Yemen,YEM,2012,67
Yemen,YEM,2013,73
Yemen,YEM,2014,73
Yemen,YEM,2015,69
Yemen,YEM,2016,71
Yemen,YEM,2017,68
Yemen,YEM,2018,65
Yemen,YEM,2019,73
Zambia,ZMB,2005,82
Zambia,ZMB,2006,81
Zambia,ZMB,2007,80
Zambia,ZMB,2008,87
Zambia,ZMB,2009,94
Zambia,ZMB,2010,83
Zambia,ZMB,2011,81
Zambia,ZMB,2012,78
Zambia,ZMB,2013,79
Zambia,ZMB,2014,86
Zambia,ZMB,2015,90
Zambia,ZMB,2016,91
Zambia,ZMB,2017,94
Zambia,ZMB,2018,90
Zambia,ZMB,2019,88
Zimbabwe,ZWE,1995,1
Zimbabwe,ZWE,1996,9
Zimbabwe,ZWE,1997,16
Zimbabwe,ZWE,1998,24
Zimbabwe,ZWE,1999,31
Zimbabwe,ZWE,2000,79
Zimbabwe,ZWE,2001,76
Zimbabwe,ZWE,2002,73
Zimbabwe,ZWE,2003,70
Zimbabwe,ZWE,2004,68
Zimbabwe,ZWE,2005,65
Zimbabwe,ZWE,2006,68
Zimbabwe,ZWE,2007,72
Zimbabwe,ZWE,2008,75
Zimbabwe,ZWE,2009,73
Zimbabwe,ZWE,2010,90
Zimbabwe,ZWE,2011,94
Zimbabwe,ZWE,2012,97
Zimbabwe,ZWE,2013,95
Zimbabwe,ZWE,2014,91
Zimbabwe,ZWE,2015,87
Zimbabwe,ZWE,2016,90
Zimbabwe,ZWE,2017,89
Zimbabwe,ZWE,2018,89
Zimbabwe,ZWE,2019,90